,,,,,,,,,,,,,,,,,,,,
,,,,,,,,,,,,,,,,,,,,
,,,Month Label,Week Number,Values,,,,,,,,,,,,,,,
,,,03 March Total,,04 April Total,,05 May Total,,06 June Total,,07 July Total,,08 August Total,,09 September Total,, Total,,Grand Total,
,,,,,,,,,,,,,,,,,,,,
Customer Parent Name,Customer Parent_Branch,Item Description,Sum of Net Bales Sales,Sum of Bales Returns,Sum of Net Bales Sales,Sum of Bales Returns,Sum of Net Bales Sales,Sum of Bales Returns,Sum of Net Bales Sales,Sum of Bales Returns,Sum of Net Bales Sales,Sum of Bales Returns,Sum of Net Bales Sales,Sum of Bales Returns,Sum of Net Bales Sales,Sum of Bales Returns,Sum of Net Bales Sales,Sum of Bales Returns,Sum of Net Bales Sales,Sum of Bales Returns
CASH CUSTOMER,CASH CUSTOMER-BABA DOGO DEPOT,SOKO CHAPO CHAP CHAP BROWN LAYERED CHAPATI 10PCS,,,,,,,,,,,,,10.00,0.00,,,10.00,0.00
,,SOKO CHAPO CHAP CHAP BROWN LAYERED CHAPATI 6PCS,,,,,,,16.00,0.00,9.00,0.00,,,6.00,0.00,,,31.00,0.00
,,SOKO CHAPO CHAP CHAP WHITE LAYERED CHAPATI 10PCS,,,,,,,,,,,,,6.00,0.00,,,6.00,0.00
,,SOKO CHAPO CHAP CHAP WHITE LAYERED CHAPATI 6PCS,,,,,,,23.00,0.00,23.00,0.00,7.00,0.00,12.00,0.00,,,65.00,0.00
,CASH CUSTOMER-BABA DOGO DEPOT Total,,,,,,,,39.00,0.00,32.00,0.00,7.00,0.00,34.00,0.00,,,112.00,0.00
,CASH CUSTOMER-THIKA BRANCH,SOKO CHAPO CHAP CHAP BROWN LAYERED CHAPATI 6PCS,,,,,,,6.00,0.00,,,,,,,,,6.00,0.00
,,SOKO CHAPO CHAP CHAP WHITE LAYERED CHAPATI 6PCS,,,2.00,0.00,,,14.00,0.00,,,,,,,,,16.00,0.00
,CASH CUSTOMER-THIKA BRANCH Total,,,,2.00,0.00,,,20.00,0.00,,,,,,,,,22.00,0.00
CASH CUSTOMER Total,,,,,2.00,0.00,,,59.00,0.00,32.00,0.00,7.00,0.00,34.00,0.00,,,134.00,0.00
CASH CUSTOMER - HORECAI,CASH CUSTOMER - HORECAI-THIKA,SOKO CHAPO CHAP CHAP BROWN LAYERED CHAPATI 10PCS,,,,,,,,,5.00,0.00,,,,,,,5.00,0.00
,,SOKO CHAPO CHAP CHAP BROWN LAYERED CHAPATI 6PCS,,,,,,,,,10.00,0.00,,,,,,,10.00,0.00
,,SOKO CHAPO CHAP CHAP WHITE LAYERED CHAPATI 10PCS,2.00,0.00,,,,,,,5.00,0.00,,,,,,,7.00,0.00
,,SOKO CHAPO CHAP CHAP WHITE LAYERED CHAPATI 6PCS,,,,,,,,,10.00,0.00,,,,,,,10.00,0.00
,CASH CUSTOMER - HORECAI-THIKA Total,,2.00,0.00,,,,,,,30.00,0.00,,,,,,,32.00,0.00
CASH CUSTOMER - HORECAI Total,,,2.00,0.00,,,,,,,30.00,0.00,,,,,,,32.00,0.00
CASH CUSTOMER - VANSALES II,CASH CUSTOMER - VANSALES II-THIKA BRANCH,SOKO CHAPO CHAP CHAP BROWN LAYERED CHAPATI 10PCS,8.00,0.00,19.00,0.00,19.00,0.00,23.00,0.00,30.00,0.00,23.00,0.00,,,,,122.00,0.00
,,SOKO CHAPO CHAP CHAP BROWN LAYERED CHAPATI 6PCS,12.00,0.00,13.00,0.00,24.00,0.00,22.00,0.00,16.00,0.00,7.00,0.00,13.00,0.00,,,107.00,0.00
,,SOKO CHAPO CHAP CHAP WHITE LAYERED CHAPATI 10PCS,36.00,0.00,46.00,0.00,30.00,0.00,30.00,0.00,52.00,0.00,35.00,0.00,73.00,0.00,,,302.00,0.00
,,SOKO CHAPO CHAP CHAP WHITE LAYERED CHAPATI 6PCS,46.00,0.00,28.00,0.00,64.00,0.00,13.00,0.00,11.00,0.00,8.00,0.00,37.00,0.00,,,207.00,0.00
,CASH CUSTOMER - VANSALES II-THIKA BRANCH Total,,102.00,0.00,106.00,0.00,137.00,0.00,88.00,0.00,109.00,0.00,73.00,0.00,123.00,0.00,,,738.00,0.00
CASH CUSTOMER - VANSALES II Total,,,102.00,0.00,106.00,0.00,137.00,0.00,88.00,0.00,109.00,0.00,73.00,0.00,123.00,0.00,,,738.00,0.00
CASH SALES - SPECIAL,CASH SALES - SPECIAL-THIKA BRANCH,SOKO CHAPO CHAP CHAP BROWN LAYERED CHAPATI 6PCS,,,,,20.00,16.00,20.00,0.00,19.00,16.00,13.00,0.00,10.00,0.00,,,82.00,32.00
,,SOKO CHAPO CHAP CHAP WHITE LAYERED CHAPATI 10PCS,,,,,3.00,6.00,,,,,,,,,,,3.00,6.00
,,SOKO CHAPO CHAP CHAP WHITE LAYERED CHAPATI 6PCS,,,,,2.00,0.00,10.00,0.00,12.00,33.00,25.00,0.00,10.00,0.00,,,59.00,33.00
,CASH SALES - SPECIAL-THIKA BRANCH Total,,,,,,25.00,22.00,30.00,0.00,31.00,49.00,38.00,0.00,20.00,0.00,,,144.00,71.00
CASH SALES - SPECIAL Total,,,,,,,25.00,22.00,30.00,0.00,31.00,49.00,38.00,0.00,20.00,0.00,,,144.00,71.00
CASH SALES STAFF,CASH SALES STAFF-THIKA BRANCH,SOKO CHAPO CHAP CHAP BROWN LAYERED CHAPATI 10PCS,,,,,,,7.00,0.00,33.00,0.00,17.00,0.00,11.00,0.00,,,68.00,0.00
,,SOKO CHAPO CHAP CHAP BROWN LAYERED CHAPATI 6PCS,,,12.00,0.00,,,20.00,0.00,57.00,0.00,28.00,0.00,9.00,0.00,,,126.00,0.00
,,SOKO CHAPO CHAP CHAP WHITE LAYERED CHAPATI 10PCS,,,5.00,0.00,,,19.00,0.00,17.00,0.00,18.00,0.00,7.00,0.00,,,66.00,0.00
,,SOKO CHAPO CHAP CHAP WHITE LAYERED CHAPATI 6PCS,,,28.00,0.00,,,25.00,0.00,20.00,0.00,50.00,0.00,37.00,0.00,,,160.00,0.00
,CASH SALES STAFF-THIKA BRANCH Total,,,,45.00,0.00,,,71.00,0.00,127.00,0.00,113.00,0.00,64.00,0.00,,,420.00,0.00
CASH SALES STAFF Total,,,,,45.00,0.00,,,71.00,0.00,127.00,0.00,113.00,0.00,64.00,0.00,,,420.00,0.00
CHANDARANA SUPERMARKETS LTD.,CHANDARANA SUPERMARKETS LTD.-ABC BRANCH,SOKO CHAPO CHAP CHAP BROWN LAYERED CHAPATI 10PCS,2.00,8.00,4.00,4.00,0.00,6.00,6.00,2.00,4.00,3.00,6.00,2.00,9.00,3.00,,,31.00,28.00
,,SOKO CHAPO CHAP CHAP BROWN LAYERED CHAPATI 6PCS,2.00,8.00,3.00,5.00,2.00,4.00,6.00,1.00,5.00,2.00,5.00,3.00,9.00,3.00,,,32.00,26.00
,,SOKO CHAPO CHAP CHAP WHITE LAYERED CHAPATI 10PCS,8.00,4.00,2.00,7.00,10.00,1.00,9.00,0.00,4.00,5.00,3.00,6.00,7.00,5.00,,,43.00,28.00
,,SOKO CHAPO CHAP CHAP WHITE LAYERED CHAPATI 6PCS,8.00,4.00,-1.00,10.00,6.00,2.00,9.00,3.00,9.00,1.00,9.00,1.00,14.00,2.00,,,54.00,23.00
,CHANDARANA SUPERMARKETS LTD.-ABC BRANCH Total,,20.00,24.00,8.00,26.00,18.00,13.00,30.00,6.00,22.00,11.00,23.00,12.00,39.00,13.00,,,160.00,105.00
,CHANDARANA SUPERMARKETS LTD.-ADLIFE BRANCH,SOKO CHAPO CHAP CHAP BROWN LAYERED CHAPATI 10PCS,9.00,4.00,7.00,9.00,10.00,1.00,24.00,0.00,8.00,3.00,12.00,0.00,18.00,0.00,,,88.00,17.00
,,SOKO CHAPO CHAP CHAP BROWN LAYERED CHAPATI 6PCS,18.00,0.00,14.00,3.00,15.00,2.00,21.00,0.00,18.00,0.00,21.00,0.00,26.00,0.00,,,133.00,5.00
,,SOKO CHAPO CHAP CHAP WHITE LAYERED CHAPATI 10PCS,18.00,2.00,16.00,2.00,12.00,3.00,18.00,1.00,18.00,0.00,9.00,0.00,36.00,0.00,,,127.00,8.00
,,SOKO CHAPO CHAP CHAP WHITE LAYERED CHAPATI 6PCS,21.00,0.00,16.00,3.00,17.00,1.00,19.00,0.00,15.00,0.00,18.00,0.00,21.00,0.00,,,127.00,4.00
,CHANDARANA SUPERMARKETS LTD.-ADLIFE BRANCH Total,,66.00,6.00,53.00,17.00,54.00,7.00,82.00,1.00,59.00,3.00,60.00,0.00,101.00,0.00,,,475.00,34.00
,CHANDARANA SUPERMARKETS LTD.-ASTROL SQUARE,SOKO CHAPO CHAP CHAP BROWN LAYERED CHAPATI 10PCS,9.00,8.00,4.00,10.00,8.00,5.00,7.00,4.00,12.00,4.00,2.00,8.00,11.00,4.00,,,53.00,43.00
,,SOKO CHAPO CHAP CHAP BROWN LAYERED CHAPATI 6PCS,11.00,6.00,5.00,11.00,12.00,5.00,11.00,2.00,15.00,3.00,10.00,2.00,10.00,8.00,,,74.00,37.00
,,SOKO CHAPO CHAP CHAP WHITE LAYERED CHAPATI 10PCS,15.00,5.00,9.00,10.00,9.00,5.00,6.00,6.00,10.00,5.00,5.00,5.00,17.00,4.00,,,71.00,40.00
,,SOKO CHAPO CHAP CHAP WHITE LAYERED CHAPATI 6PCS,25.00,3.00,11.00,7.00,16.00,4.00,9.00,6.00,14.00,1.00,13.00,2.00,21.00,2.00,,,109.00,25.00
,CHANDARANA SUPERMARKETS LTD.-ASTROL SQUARE Total,,60.00,22.00,29.00,38.00,45.00,19.00,33.00,18.00,51.00,13.00,30.00,17.00,59.00,18.00,,,307.00,145.00
,CHANDARANA SUPERMARKETS LTD.-ATHI RIVER BRANCH,SOKO CHAPO CHAP CHAP BROWN LAYERED CHAPATI 10PCS,15.00,3.00,26.00,1.00,23.00,3.00,31.00,4.00,14.00,8.00,19.00,7.00,9.00,5.00,,,137.00,31.00
,,SOKO CHAPO CHAP CHAP BROWN LAYERED CHAPATI 6PCS,30.00,0.00,18.00,5.00,43.00,3.00,23.00,22.00,9.00,9.00,30.00,1.00,7.00,13.00,,,160.00,53.00
,,SOKO CHAPO CHAP CHAP WHITE LAYERED CHAPATI 10PCS,38.00,0.00,34.00,1.00,48.00,2.00,47.00,3.00,38.00,0.00,35.00,5.00,16.00,5.00,,,256.00,16.00
,,SOKO CHAPO CHAP CHAP WHITE LAYERED CHAPATI 6PCS,40.00,0.00,36.00,0.00,56.00,0.00,39.00,6.00,37.00,0.00,27.00,8.00,7.00,11.00,,,242.00,25.00
,CHANDARANA SUPERMARKETS LTD.-ATHI RIVER BRANCH Total,,123.00,3.00,114.00,7.00,170.00,8.00,140.00,35.00,98.00,17.00,111.00,21.00,39.00,34.00,,,795.00,125.00
,CHANDARANA SUPERMARKETS LTD.-BROOKSIDE GROVE WESTLANDS,SOKO CHAPO CHAP CHAP BROWN LAYERED CHAPATI 10PCS,,,,,,,,,,,,,6.00,0.00,,,6.00,0.00
,,SOKO CHAPO CHAP CHAP BROWN LAYERED CHAPATI 6PCS,,,,,,,,,,,,,6.00,0.00,,,6.00,0.00
,,SOKO CHAPO CHAP CHAP WHITE LAYERED CHAPATI 10PCS,,,,,,,,,,,,,5.00,0.00,,,5.00,0.00
,,SOKO CHAPO CHAP CHAP WHITE LAYERED CHAPATI 6PCS,,,,,,,,,,,,,5.00,0.00,,,5.00,0.00
,CHANDARANA SUPERMARKETS LTD.-BROOKSIDE GROVE WESTLANDS Total,,,,,,,,,,,,,,22.00,0.00,,,22.00,0.00
,CHANDARANA SUPERMARKETS LTD.-DIAMOND BRANCH,SOKO CHAPO CHAP CHAP BROWN LAYERED CHAPATI 10PCS,24.00,3.00,18.00,9.00,24.00,5.00,23.00,5.00,28.00,0.00,43.00,0.00,56.00,0.00,,,216.00,22.00
,,SOKO CHAPO CHAP CHAP BROWN LAYERED CHAPATI 6PCS,27.00,4.00,36.00,2.00,20.00,6.00,33.00,3.00,29.00,0.00,46.00,6.00,56.00,0.00,,,247.00,21.00
,,SOKO CHAPO CHAP CHAP WHITE LAYERED CHAPATI 10PCS,57.00,2.00,37.00,4.00,41.00,5.00,37.00,3.00,24.00,1.00,57.00,1.00,69.00,1.00,,,322.00,17.00
,,SOKO CHAPO CHAP CHAP WHITE LAYERED CHAPATI 6PCS,63.00,3.00,50.00,3.00,56.00,0.00,36.00,2.00,33.00,0.00,41.00,0.00,67.00,1.00,,,346.00,9.00
,CHANDARANA SUPERMARKETS LTD.-DIAMOND BRANCH Total,,171.00,12.00,141.00,18.00,141.00,16.00,129.00,13.00,114.00,1.00,187.00,7.00,248.00,2.00,,,"1,131.00",69.00
,CHANDARANA SUPERMARKETS LTD.-GENERAL MATHENGE,SOKO CHAPO CHAP CHAP BROWN LAYERED CHAPATI 10PCS,8.00,8.00,5.00,11.00,9.00,5.00,6.00,4.00,11.00,1.00,9.00,1.00,7.00,6.00,,,55.00,36.00
,,SOKO CHAPO CHAP CHAP BROWN LAYERED CHAPATI 6PCS,6.00,5.00,11.00,7.00,14.00,0.00,8.00,2.00,12.00,0.00,6.00,2.00,5.00,7.00,,,62.00,23.00
,,SOKO CHAPO CHAP CHAP WHITE LAYERED CHAPATI 10PCS,10.00,6.00,8.00,8.00,10.00,4.00,4.00,4.00,6.00,4.00,8.00,2.00,9.00,5.00,,,55.00,33.00
,,SOKO CHAPO CHAP CHAP WHITE LAYERED CHAPATI 6PCS,14.00,1.00,15.00,3.00,12.00,2.00,8.00,2.00,8.00,2.00,10.00,0.00,10.00,2.00,,,77.00,12.00
,CHANDARANA SUPERMARKETS LTD.-GENERAL MATHENGE Total,,38.00,20.00,39.00,29.00,45.00,11.00,26.00,12.00,37.00,7.00,33.00,5.00,31.00,20.00,,,249.00,104.00
,CHANDARANA SUPERMARKETS LTD.-HIGHRIDGE BRANCH,SOKO CHAPO CHAP CHAP BROWN LAYERED CHAPATI 10PCS,7.00,8.00,4.00,8.00,8.00,3.00,8.00,5.00,7.00,2.00,7.00,3.00,5.00,7.00,,,46.00,36.00
,,SOKO CHAPO CHAP CHAP BROWN LAYERED CHAPATI 6PCS,9.00,6.00,9.00,3.00,12.00,0.00,12.00,2.00,10.00,1.00,14.00,0.00,8.00,3.00,,,74.00,15.00
,,SOKO CHAPO CHAP CHAP WHITE LAYERED CHAPATI 10PCS,20.00,0.00,19.00,0.00,13.00,3.00,4.00,12.00,5.00,4.00,18.00,3.00,23.00,0.00,,,102.00,22.00
,,SOKO CHAPO CHAP CHAP WHITE LAYERED CHAPATI 6PCS,18.00,2.00,17.00,2.00,16.00,0.00,18.00,1.00,14.00,0.00,23.00,0.00,20.00,0.00,,,126.00,5.00
,CHANDARANA SUPERMARKETS LTD.-HIGHRIDGE BRANCH Total,,54.00,16.00,49.00,13.00,49.00,6.00,42.00,20.00,36.00,7.00,62.00,6.00,56.00,10.00,,,348.00,78.00
,CHANDARANA SUPERMARKETS LTD.-LAVINGTON BRANCH,SOKO CHAPO CHAP CHAP BROWN LAYERED CHAPATI 10PCS,11.00,6.00,3.00,9.00,9.00,0.00,6.00,6.00,5.00,1.00,10.00,2.00,13.00,1.00,,,57.00,25.00
,,SOKO CHAPO CHAP CHAP BROWN LAYERED CHAPATI 6PCS,15.00,7.00,0.00,12.00,13.00,5.00,15.00,0.00,19.00,1.00,17.00,0.00,19.00,1.00,,,98.00,26.00
,,SOKO CHAPO CHAP CHAP WHITE LAYERED CHAPATI 10PCS,17.00,4.00,2.00,10.00,14.00,3.00,8.00,1.00,15.00,2.00,13.00,0.00,8.00,6.00,,,77.00,26.00
,,SOKO CHAPO CHAP CHAP WHITE LAYERED CHAPATI 6PCS,45.00,13.00,16.00,19.00,26.00,6.00,24.00,3.00,29.00,1.00,23.00,1.00,27.00,4.00,,,190.00,47.00
,CHANDARANA SUPERMARKETS LTD.-LAVINGTON BRANCH Total,,88.00,30.00,21.00,50.00,62.00,14.00,53.00,10.00,68.00,5.00,63.00,3.00,67.00,12.00,,,422.00,124.00
,CHANDARANA SUPERMARKETS LTD.-MOBIL BRANCH,SOKO CHAPO CHAP CHAP BROWN LAYERED CHAPATI 10PCS,8.00,6.00,-1.00,16.00,7.00,7.00,2.00,7.00,10.00,1.00,6.00,0.00,8.00,3.00,,,40.00,40.00
,,SOKO CHAPO CHAP CHAP BROWN LAYERED CHAPATI 6PCS,11.00,3.00,7.00,8.00,10.00,4.00,5.00,5.00,14.00,0.00,8.00,0.00,4.00,5.00,,,59.00,25.00
,,SOKO CHAPO CHAP CHAP WHITE LAYERED CHAPATI 10PCS,11.00,4.00,2.00,13.00,10.00,4.00,9.00,2.00,8.00,4.00,7.00,1.00,7.00,4.00,,,54.00,32.00
,,SOKO CHAPO CHAP CHAP WHITE LAYERED CHAPATI 6PCS,12.00,3.00,6.00,9.00,8.00,6.00,5.00,6.00,6.00,6.00,9.00,1.00,3.00,7.00,,,49.00,38.00
,CHANDARANA SUPERMARKETS LTD.-MOBIL BRANCH Total,,42.00,16.00,14.00,46.00,35.00,21.00,21.00,20.00,38.00,11.00,30.00,2.00,22.00,19.00,,,202.00,135.00
,CHANDARANA SUPERMARKETS LTD.-MUTHAIGA MALL,SOKO CHAPO CHAP CHAP BROWN LAYERED CHAPATI 10PCS,11.00,0.00,8.00,0.00,6.00,0.00,8.00,0.00,4.00,0.00,6.00,0.00,8.00,0.00,,,51.00,0.00
,,SOKO CHAPO CHAP CHAP BROWN LAYERED CHAPATI 6PCS,11.00,0.00,8.00,0.00,6.00,0.00,10.00,0.00,6.00,0.00,8.00,0.00,8.00,0.00,,,57.00,0.00
,,SOKO CHAPO CHAP CHAP WHITE LAYERED CHAPATI 10PCS,11.00,0.00,8.00,0.00,9.00,0.00,6.00,0.00,4.00,0.00,5.00,0.00,7.00,0.00,,,50.00,0.00
,,SOKO CHAPO CHAP CHAP WHITE LAYERED CHAPATI 6PCS,11.00,0.00,8.00,0.00,11.00,0.00,12.00,0.00,6.00,0.00,4.00,0.00,8.00,0.00,,,60.00,0.00
,CHANDARANA SUPERMARKETS LTD.-MUTHAIGA MALL Total,,44.00,0.00,32.00,0.00,32.00,0.00,36.00,0.00,20.00,0.00,23.00,0.00,31.00,0.00,,,218.00,0.00
,CHANDARANA SUPERMARKETS LTD.-MY TOWN KAREN,SOKO CHAPO CHAP CHAP BROWN LAYERED CHAPATI 10PCS,16.00,0.00,6.00,5.00,7.00,1.00,7.00,2.00,10.00,2.00,12.00,1.00,10.00,0.00,,,68.00,11.00
,,SOKO CHAPO CHAP CHAP BROWN LAYERED CHAPATI 6PCS,18.00,0.00,15.00,4.00,16.00,1.00,14.00,2.00,18.00,0.00,12.00,1.00,10.00,2.00,,,103.00,10.00
,,SOKO CHAPO CHAP CHAP WHITE LAYERED CHAPATI 10PCS,15.00,1.00,13.00,2.00,18.00,1.00,8.00,1.00,7.00,2.00,7.00,3.00,11.00,1.00,,,79.00,11.00
,,SOKO CHAPO CHAP CHAP WHITE LAYERED CHAPATI 6PCS,19.00,3.00,20.00,0.00,20.00,2.00,23.00,0.00,18.00,1.00,13.00,0.00,12.00,4.00,,,125.00,10.00
,CHANDARANA SUPERMARKETS LTD.-MY TOWN KAREN Total,,68.00,4.00,54.00,11.00,61.00,5.00,52.00,5.00,53.00,5.00,44.00,5.00,43.00,7.00,,,375.00,42.00
,CHANDARANA SUPERMARKETS LTD.-NGARA BRANCH,SOKO CHAPO CHAP CHAP BROWN LAYERED CHAPATI 10PCS,9.00,4.00,8.00,6.00,12.00,2.00,14.00,1.00,9.00,1.00,7.00,3.00,11.00,1.00,,,70.00,18.00
,,SOKO CHAPO CHAP CHAP BROWN LAYERED CHAPATI 6PCS,13.00,2.00,9.00,6.00,15.00,0.00,15.00,0.00,21.00,0.00,12.00,1.00,12.00,1.00,,,97.00,10.00
,,SOKO CHAPO CHAP CHAP WHITE LAYERED CHAPATI 10PCS,18.00,3.00,15.00,5.00,16.00,0.00,18.00,4.00,13.00,5.00,7.00,3.00,13.00,3.00,,,100.00,23.00
,,SOKO CHAPO CHAP CHAP WHITE LAYERED CHAPATI 6PCS,19.00,1.00,10.00,8.00,28.00,0.00,21.00,0.00,26.00,1.00,8.00,4.00,14.00,2.00,,,126.00,16.00
,CHANDARANA SUPERMARKETS LTD.-NGARA BRANCH Total,,59.00,10.00,42.00,25.00,71.00,2.00,68.00,5.00,69.00,7.00,34.00,11.00,50.00,7.00,,,393.00,67.00
,CHANDARANA SUPERMARKETS LTD.-RHAPTA ROAD,SOKO CHAPO CHAP CHAP BROWN LAYERED CHAPATI 10PCS,47.00,0.00,24.00,4.00,21.00,0.00,18.00,2.00,19.00,0.00,13.00,0.00,12.00,3.00,,,154.00,9.00
,,SOKO CHAPO CHAP CHAP BROWN LAYERED CHAPATI 6PCS,28.00,1.00,26.00,4.00,9.00,1.00,18.00,6.00,23.00,0.00,15.00,2.00,20.00,3.00,,,139.00,17.00
,,SOKO CHAPO CHAP CHAP WHITE LAYERED CHAPATI 10PCS,29.00,2.00,21.00,8.00,22.00,2.00,21.00,2.00,20.00,2.00,28.00,0.00,19.00,0.00,,,160.00,16.00
,,SOKO CHAPO CHAP CHAP WHITE LAYERED CHAPATI 6PCS,31.00,0.00,27.00,2.00,27.00,0.00,28.00,1.00,28.00,1.00,32.00,0.00,28.00,0.00,,,201.00,4.00
,CHANDARANA SUPERMARKETS LTD.-RHAPTA ROAD Total,,135.00,3.00,98.00,18.00,79.00,3.00,85.00,11.00,90.00,3.00,88.00,2.00,79.00,6.00,,,654.00,46.00
,CHANDARANA SUPERMARKETS LTD.-RIDGEWAYS MALL,SOKO CHAPO CHAP CHAP BROWN LAYERED CHAPATI 10PCS,10.00,6.00,9.00,15.00,7.00,2.00,1.00,5.00,11.00,2.00,4.00,2.00,4.00,5.00,,,46.00,37.00
,,SOKO CHAPO CHAP CHAP BROWN LAYERED CHAPATI 6PCS,4.00,10.00,-2.00,14.00,8.00,1.00,5.00,2.00,6.00,3.00,2.00,3.00,3.00,4.00,,,26.00,37.00
,,SOKO CHAPO CHAP CHAP WHITE LAYERED CHAPATI 10PCS,13.00,4.00,16.00,8.00,9.00,0.00,11.00,1.00,5.00,4.00,5.00,2.00,9.00,2.00,,,68.00,21.00
,,SOKO CHAPO CHAP CHAP WHITE LAYERED CHAPATI 6PCS,17.00,0.00,6.00,6.00,12.00,0.00,12.00,1.00,7.00,4.00,6.00,1.00,11.00,2.00,,,71.00,14.00
,CHANDARANA SUPERMARKETS LTD.-RIDGEWAYS MALL Total,,44.00,20.00,29.00,43.00,36.00,3.00,29.00,9.00,29.00,13.00,17.00,8.00,27.00,13.00,,,211.00,109.00
,CHANDARANA SUPERMARKETS LTD.-RIVERSIDE DRIVE,SOKO CHAPO CHAP CHAP BROWN LAYERED CHAPATI 10PCS,7.00,5.00,10.00,4.00,14.00,0.00,12.00,5.00,10.00,3.00,8.00,4.00,16.00,0.00,,,77.00,21.00
,,SOKO CHAPO CHAP CHAP BROWN LAYERED CHAPATI 6PCS,17.00,0.00,12.00,0.00,16.00,0.00,19.00,2.00,14.00,0.00,23.00,1.00,16.00,0.00,,,117.00,3.00
,,SOKO CHAPO CHAP CHAP WHITE LAYERED CHAPATI 10PCS,25.00,1.00,18.00,2.00,22.00,4.00,19.00,4.00,20.00,2.00,27.00,3.00,30.00,0.00,,,161.00,16.00
,,SOKO CHAPO CHAP CHAP WHITE LAYERED CHAPATI 6PCS,28.00,0.00,24.00,0.00,26.00,0.00,30.00,4.00,27.00,0.00,36.00,0.00,33.00,0.00,,,204.00,4.00
,CHANDARANA SUPERMARKETS LTD.-RIVERSIDE DRIVE Total,,77.00,6.00,64.00,6.00,78.00,4.00,80.00,15.00,71.00,5.00,94.00,8.00,95.00,0.00,,,559.00,44.00
,CHANDARANA SUPERMARKETS LTD.-ROSELYN BRANCH,SOKO CHAPO CHAP CHAP BROWN LAYERED CHAPATI 10PCS,12.00,3.00,5.00,7.00,0.00,10.00,5.00,7.00,8.00,3.00,4.00,5.00,14.00,4.00,,,48.00,39.00
,,SOKO CHAPO CHAP CHAP BROWN LAYERED CHAPATI 6PCS,26.00,0.00,6.00,12.00,20.00,1.00,12.00,8.00,17.00,0.00,5.00,5.00,15.00,7.00,,,101.00,33.00
,,SOKO CHAPO CHAP CHAP WHITE LAYERED CHAPATI 10PCS,21.00,1.00,2.00,12.00,5.00,7.00,6.00,6.00,5.00,4.00,8.00,1.00,14.00,4.00,,,61.00,35.00
,,SOKO CHAPO CHAP CHAP WHITE LAYERED CHAPATI 6PCS,32.00,0.00,15.00,5.00,18.00,2.00,18.00,10.00,13.00,6.00,8.00,6.00,18.00,8.00,,,122.00,37.00
,CHANDARANA SUPERMARKETS LTD.-ROSELYN BRANCH Total,,91.00,4.00,28.00,36.00,43.00,20.00,41.00,31.00,43.00,13.00,25.00,17.00,61.00,23.00,,,332.00,144.00
,CHANDARANA SUPERMARKETS LTD.-SIGNATURE MALL,SOKO CHAPO CHAP CHAP BROWN LAYERED CHAPATI 10PCS,24.00,6.00,5.00,19.00,10.00,8.00,10.00,10.00,9.00,13.00,9.00,2.00,16.00,6.00,,,83.00,64.00
,,SOKO CHAPO CHAP CHAP BROWN LAYERED CHAPATI 6PCS,27.00,9.00,10.00,11.00,12.00,6.00,28.00,1.00,19.00,9.00,13.00,3.00,22.00,6.00,,,131.00,45.00
,,SOKO CHAPO CHAP CHAP WHITE LAYERED CHAPATI 10PCS,42.00,7.00,18.00,20.00,29.00,1.00,32.00,2.00,28.00,5.00,12.00,6.00,18.00,3.00,,,179.00,44.00
,,SOKO CHAPO CHAP CHAP WHITE LAYERED CHAPATI 6PCS,45.00,3.00,20.00,26.00,36.00,0.00,33.00,7.00,21.00,5.00,13.00,5.00,24.00,3.00,,,192.00,49.00
,CHANDARANA SUPERMARKETS LTD.-SIGNATURE MALL Total,,138.00,25.00,53.00,76.00,87.00,15.00,103.00,20.00,77.00,32.00,47.00,16.00,80.00,18.00,,,585.00,202.00
,CHANDARANA SUPERMARKETS LTD.-THE WELL BRANCH,SOKO CHAPO CHAP CHAP BROWN LAYERED CHAPATI 10PCS,-1.00,11.00,1.00,10.00,2.00,4.00,,,,,,,,,,,2.00,25.00
,,SOKO CHAPO CHAP CHAP BROWN LAYERED CHAPATI 6PCS,5.00,7.00,7.00,6.00,4.00,2.00,,,,,,,,,,,16.00,15.00
,,SOKO CHAPO CHAP CHAP WHITE LAYERED CHAPATI 10PCS,6.00,4.00,8.00,5.00,5.00,1.00,,,,,,,,,,,19.00,10.00
,,SOKO CHAPO CHAP CHAP WHITE LAYERED CHAPATI 6PCS,6.00,8.00,7.00,3.00,7.00,0.00,,,,,,,,,,,20.00,11.00
,CHANDARANA SUPERMARKETS LTD.-THE WELL BRANCH Total,,16.00,30.00,23.00,24.00,18.00,7.00,,,,,,,,,,,57.00,61.00
,CHANDARANA SUPERMARKETS LTD.-THIGIRI BRANCH,SOKO CHAPO CHAP CHAP BROWN LAYERED CHAPATI 10PCS,-7.00,7.00,-4.00,4.00,-3.00,3.00,-3.00,3.00,-2.00,2.00,-2.00,2.00,-3.00,3.00,,,-24.00,24.00
,,SOKO CHAPO CHAP CHAP BROWN LAYERED CHAPATI 6PCS,-7.00,7.00,-1.00,1.00,-2.00,2.00,-1.00,1.00,-1.00,1.00,-2.00,2.00,,,,,-14.00,14.00
,,SOKO CHAPO CHAP CHAP WHITE LAYERED CHAPATI 10PCS,-3.00,3.00,-1.00,1.00,-2.00,2.00,-1.00,1.00,-2.00,2.00,-1.00,1.00,,,,,-10.00,10.00
,,SOKO CHAPO CHAP CHAP WHITE LAYERED CHAPATI 6PCS,-5.00,5.00,,,-1.00,1.00,-2.00,2.00,-3.00,3.00,,,-2.00,2.00,,,-13.00,13.00
,CHANDARANA SUPERMARKETS LTD.-THIGIRI BRANCH Total,,-22.00,22.00,-6.00,6.00,-8.00,8.00,-7.00,7.00,-8.00,8.00,-5.00,5.00,-5.00,5.00,,,-61.00,61.00
,CHANDARANA SUPERMARKETS LTD.-TRAFFORD PARK BRANCH,SOKO CHAPO CHAP CHAP BROWN LAYERED CHAPATI 10PCS,14.00,0.00,18.00,7.00,16.00,1.00,13.00,4.00,13.00,3.00,0.00,7.00,5.00,5.00,,,79.00,27.00
,,SOKO CHAPO CHAP CHAP BROWN LAYERED CHAPATI 6PCS,15.00,0.00,22.00,4.00,17.00,3.00,10.00,7.00,17.00,0.00,9.00,5.00,7.00,5.00,,,97.00,24.00
,,SOKO CHAPO CHAP CHAP WHITE LAYERED CHAPATI 10PCS,16.00,0.00,30.00,0.00,31.00,1.00,25.00,0.00,21.00,2.00,12.00,5.00,13.00,5.00,,,148.00,13.00
,,SOKO CHAPO CHAP CHAP WHITE LAYERED CHAPATI 6PCS,15.00,0.00,26.00,4.00,28.00,1.00,21.00,2.00,15.00,4.00,19.00,2.00,14.00,6.00,,,138.00,19.00
,CHANDARANA SUPERMARKETS LTD.-TRAFFORD PARK BRANCH Total,,60.00,0.00,96.00,15.00,92.00,6.00,69.00,13.00,66.00,9.00,40.00,19.00,39.00,21.00,,,462.00,83.00
,CHANDARANA SUPERMARKETS LTD.-YAYA BRANCH(HQ),SOKO CHAPO CHAP CHAP BROWN LAYERED CHAPATI 10PCS,22.00,9.00,12.00,13.00,20.00,4.00,24.00,0.00,15.00,1.00,15.00,1.00,27.00,7.00,,,135.00,35.00
,,SOKO CHAPO CHAP CHAP BROWN LAYERED CHAPATI 6PCS,32.00,2.00,17.00,8.00,30.00,0.00,34.00,4.00,23.00,3.00,23.00,1.00,34.00,2.00,,,193.00,20.00
,,SOKO CHAPO CHAP CHAP WHITE LAYERED CHAPATI 10PCS,36.00,0.00,26.00,6.00,32.00,0.00,22.00,0.00,24.00,5.00,29.00,1.00,38.00,0.00,,,207.00,12.00
,,SOKO CHAPO CHAP CHAP WHITE LAYERED CHAPATI 6PCS,32.00,1.00,32.00,0.00,30.00,2.00,26.00,6.00,22.00,5.00,26.00,2.00,31.00,9.00,,,199.00,25.00
,CHANDARANA SUPERMARKETS LTD.-YAYA BRANCH(HQ) Total,,122.00,12.00,87.00,27.00,112.00,6.00,106.00,10.00,84.00,14.00,93.00,5.00,130.00,18.00,,,734.00,92.00
CHANDARANA SUPERMARKETS LTD. Total,,,"1,494.00",285.00,"1,068.00",531.00,"1,320.00",194.00,"1,218.00",261.00,"1,117.00",184.00,"1,099.00",169.00,"1,314.00",246.00,,,"8,630.00","1,870.00"
CLEAN SHELF SUPERMARKETS LTD,CLEAN SHELF SUPERMARKETS LTD-FRESH MARKET,SOKO CHAPO CHAP CHAP BROWN LAYERED CHAPATI 6PCS,23.00,0.00,20.00,6.00,22.00,1.00,15.00,0.00,10.00,7.00,12.00,1.00,16.00,0.00,,,118.00,15.00
,,SOKO CHAPO CHAP CHAP WHITE LAYERED CHAPATI 6PCS,29.00,0.00,36.00,9.00,40.00,1.00,42.00,0.00,21.00,7.00,24.00,4.00,24.00,1.00,,,216.00,22.00
,CLEAN SHELF SUPERMARKETS LTD-FRESH MARKET Total,,52.00,0.00,56.00,15.00,62.00,2.00,57.00,0.00,31.00,14.00,36.00,5.00,40.00,1.00,,,334.00,37.00
,CLEAN SHELF SUPERMARKETS LTD-GREEN PARK BRANCH,SOKO CHAPO CHAP CHAP BROWN LAYERED CHAPATI 6PCS,22.00,0.00,-2.00,11.00,10.00,1.00,5.00,7.00,8.00,2.00,8.00,1.00,7.00,3.00,,,58.00,25.00
,,SOKO CHAPO CHAP CHAP WHITE LAYERED CHAPATI 6PCS,23.00,1.00,2.00,10.00,29.00,0.00,17.00,6.00,13.00,4.00,18.00,0.00,16.00,0.00,,,118.00,21.00
,CLEAN SHELF SUPERMARKETS LTD-GREEN PARK BRANCH Total,,45.00,1.00,0.00,21.00,39.00,1.00,22.00,13.00,21.00,6.00,26.00,1.00,23.00,3.00,,,176.00,46.00
,CLEAN SHELF SUPERMARKETS LTD-K MALL BRANCH,SOKO CHAPO CHAP CHAP BROWN LAYERED CHAPATI 6PCS,32.00,0.00,5.00,14.00,21.00,0.00,16.00,5.00,7.00,5.00,11.00,3.00,19.00,3.00,,,111.00,30.00
,,SOKO CHAPO CHAP CHAP WHITE LAYERED CHAPATI 6PCS,36.00,0.00,21.00,5.00,27.00,5.00,34.00,0.00,20.00,0.00,17.00,3.00,31.00,3.00,,,186.00,16.00
,CLEAN SHELF SUPERMARKETS LTD-K MALL BRANCH Total,,68.00,0.00,26.00,19.00,48.00,5.00,50.00,5.00,27.00,5.00,28.00,6.00,50.00,6.00,,,297.00,46.00
,CLEAN SHELF SUPERMARKETS LTD-KAHAWA WENDANI BRANCH,SOKO CHAPO CHAP CHAP BROWN LAYERED CHAPATI 6PCS,11.00,4.00,20.00,0.00,22.00,0.00,24.00,0.00,27.00,0.00,16.00,0.00,9.00,5.00,,,129.00,9.00
,,SOKO CHAPO CHAP CHAP WHITE LAYERED CHAPATI 6PCS,31.00,1.00,48.00,0.00,40.00,3.00,13.00,6.00,27.00,0.00,18.00,0.00,15.00,3.00,,,192.00,13.00
,CLEAN SHELF SUPERMARKETS LTD-KAHAWA WENDANI BRANCH Total,,42.00,5.00,68.00,0.00,62.00,3.00,37.00,6.00,54.00,0.00,34.00,0.00,24.00,8.00,,,321.00,22.00
,CLEAN SHELF SUPERMARKETS LTD-KAHAWA WEST,SOKO CHAPO CHAP CHAP BROWN LAYERED CHAPATI 6PCS,14.00,4.00,8.00,10.00,10.00,3.00,9.00,3.00,0.00,6.00,6.00,2.00,2.00,3.00,,,49.00,31.00
,,SOKO CHAPO CHAP CHAP WHITE LAYERED CHAPATI 6PCS,22.00,2.00,8.00,14.00,16.00,2.00,9.00,9.00,6.00,4.00,8.00,3.00,6.00,0.00,,,75.00,34.00
,CLEAN SHELF SUPERMARKETS LTD-KAHAWA WEST Total,,36.00,6.00,16.00,24.00,26.00,5.00,18.00,12.00,6.00,10.00,14.00,5.00,8.00,3.00,,,124.00,65.00
,CLEAN SHELF SUPERMARKETS LTD-KIAMBU BRANCH,SOKO CHAPO CHAP CHAP BROWN LAYERED CHAPATI 6PCS,12.00,0.00,2.00,10.00,4.00,2.00,15.00,3.00,18.00,0.00,6.00,0.00,12.00,0.00,,,69.00,15.00
,,SOKO CHAPO CHAP CHAP WHITE LAYERED CHAPATI 6PCS,18.00,0.00,23.00,8.00,32.00,3.00,36.00,8.00,52.00,1.00,20.00,0.00,24.00,0.00,,,205.00,20.00
,CLEAN SHELF SUPERMARKETS LTD-KIAMBU BRANCH Total,,30.00,0.00,25.00,18.00,36.00,5.00,51.00,11.00,70.00,1.00,26.00,0.00,36.00,0.00,,,274.00,35.00
,CLEAN SHELF SUPERMARKETS LTD-KIKUYU BRANCH,SOKO CHAPO CHAP CHAP BROWN LAYERED CHAPATI 6PCS,21.00,0.00,21.00,2.00,30.00,0.00,42.00,0.00,10.00,6.00,30.00,0.00,29.00,4.00,,,183.00,12.00
,,SOKO CHAPO CHAP CHAP WHITE LAYERED CHAPATI 6PCS,28.00,0.00,42.00,0.00,40.00,0.00,62.00,0.00,34.00,1.00,30.00,0.00,46.00,1.00,,,282.00,2.00
,CLEAN SHELF SUPERMARKETS LTD-KIKUYU BRANCH Total,,49.00,0.00,63.00,2.00,70.00,0.00,104.00,0.00,44.00,7.00,60.00,0.00,75.00,5.00,,,465.00,14.00
,CLEAN SHELF SUPERMARKETS LTD-LANGATA BRANCH,SOKO CHAPO CHAP CHAP BROWN LAYERED CHAPATI 6PCS,20.00,1.00,13.00,2.00,23.00,0.00,36.00,0.00,20.00,0.00,14.00,3.00,25.00,1.00,,,151.00,7.00
,,SOKO CHAPO CHAP CHAP WHITE LAYERED CHAPATI 6PCS,21.00,0.00,11.00,4.00,27.00,0.00,44.00,0.00,24.00,0.00,24.00,0.00,20.00,3.00,,,171.00,7.00
,CLEAN SHELF SUPERMARKETS LTD-LANGATA BRANCH Total,,41.00,1.00,24.00,6.00,50.00,0.00,80.00,0.00,44.00,0.00,38.00,3.00,45.00,4.00,,,322.00,14.00
,CLEAN SHELF SUPERMARKETS LTD-LAVINGTON BRANCH,SOKO CHAPO CHAP CHAP BROWN LAYERED CHAPATI 6PCS,18.00,0.00,19.00,5.00,21.00,0.00,20.00,0.00,21.00,0.00,24.00,0.00,18.00,0.00,,,141.00,5.00
,,SOKO CHAPO CHAP CHAP WHITE LAYERED CHAPATI 6PCS,30.00,0.00,29.00,5.00,40.00,0.00,36.00,0.00,34.00,6.00,36.00,0.00,30.00,0.00,,,235.00,11.00
,CLEAN SHELF SUPERMARKETS LTD-LAVINGTON BRANCH Total,,48.00,0.00,48.00,10.00,61.00,0.00,56.00,0.00,55.00,6.00,60.00,0.00,48.00,0.00,,,376.00,16.00
,CLEAN SHELF SUPERMARKETS LTD-LIMURU BRANCH,SOKO CHAPO CHAP CHAP BROWN LAYERED CHAPATI 6PCS,,,,,,,,,,,,,10.00,0.00,,,10.00,0.00
,,SOKO CHAPO CHAP CHAP WHITE LAYERED CHAPATI 6PCS,,,,,,,,,,,,,10.00,0.00,,,10.00,0.00
,CLEAN SHELF SUPERMARKETS LTD-LIMURU BRANCH Total,,,,,,,,,,,,,,20.00,0.00,,,20.00,0.00
,CLEAN SHELF SUPERMARKETS LTD-NGONG BRANCH,SOKO CHAPO CHAP CHAP BROWN LAYERED CHAPATI 6PCS,21.00,3.00,13.00,11.00,15.00,5.00,6.00,6.00,6.00,6.00,14.00,2.00,-1.00,10.00,,,74.00,43.00
,,SOKO CHAPO CHAP CHAP WHITE LAYERED CHAPATI 6PCS,24.00,0.00,20.00,4.00,29.00,5.00,13.00,5.00,16.00,8.00,22.00,0.00,7.00,9.00,,,131.00,31.00
,CLEAN SHELF SUPERMARKETS LTD-NGONG BRANCH Total,,45.00,3.00,33.00,15.00,44.00,10.00,19.00,11.00,22.00,14.00,36.00,2.00,6.00,19.00,,,205.00,74.00
,CLEAN SHELF SUPERMARKETS LTD-QWETU RIVERSIDE,SOKO CHAPO CHAP CHAP BROWN LAYERED CHAPATI 6PCS,20.00,0.00,1.00,7.00,11.00,1.00,4.00,2.00,8.00,2.00,5.00,2.00,8.00,3.00,,,57.00,17.00
,,SOKO CHAPO CHAP CHAP WHITE LAYERED CHAPATI 6PCS,28.00,0.00,23.00,5.00,19.00,0.00,4.00,4.00,12.00,0.00,18.00,0.00,16.00,0.00,,,120.00,9.00
,CLEAN SHELF SUPERMARKETS LTD-QWETU RIVERSIDE Total,,48.00,0.00,24.00,12.00,30.00,1.00,8.00,6.00,20.00,2.00,23.00,2.00,24.00,3.00,,,177.00,26.00
,CLEAN SHELF SUPERMARKETS LTD-RONGAI BRANCH,SOKO CHAPO CHAP CHAP BROWN LAYERED CHAPATI 6PCS,11.00,4.00,23.00,1.00,20.00,1.00,41.00,1.00,31.00,0.00,-3.00,9.00,12.00,0.00,,,135.00,16.00
,,SOKO CHAPO CHAP CHAP WHITE LAYERED CHAPATI 6PCS,19.00,1.00,35.00,1.00,28.00,0.00,51.00,0.00,30.00,6.00,28.00,0.00,32.00,0.00,,,223.00,8.00
,CLEAN SHELF SUPERMARKETS LTD-RONGAI BRANCH Total,,30.00,5.00,58.00,2.00,48.00,1.00,92.00,1.00,61.00,6.00,25.00,9.00,44.00,0.00,,,358.00,24.00
,CLEAN SHELF SUPERMARKETS LTD-RONGAI FRESHMARKET,SOKO CHAPO CHAP CHAP BROWN LAYERED CHAPATI 6PCS,18.00,0.00,7.00,12.00,14.00,3.00,6.00,8.00,11.00,5.00,16.00,0.00,16.00,0.00,,,88.00,28.00
,,SOKO CHAPO CHAP CHAP WHITE LAYERED CHAPATI 6PCS,18.00,0.00,19.00,15.00,12.00,4.00,8.00,8.00,14.00,2.00,17.00,2.00,24.00,0.00,,,112.00,31.00
,CLEAN SHELF SUPERMARKETS LTD-RONGAI FRESHMARKET Total,,36.00,0.00,26.00,27.00,26.00,7.00,14.00,16.00,25.00,7.00,33.00,2.00,40.00,0.00,,,200.00,59.00
,CLEAN SHELF SUPERMARKETS LTD-RUAKA BRANCH,SOKO CHAPO CHAP CHAP BROWN LAYERED CHAPATI 6PCS,17.00,0.00,20.00,8.00,4.00,9.00,3.00,9.00,16.00,2.00,14.00,2.00,5.00,1.00,,,79.00,31.00
,,SOKO CHAPO CHAP CHAP WHITE LAYERED CHAPATI 6PCS,23.00,0.00,24.00,8.00,13.00,0.00,7.00,5.00,18.00,0.00,18.00,0.00,11.00,1.00,,,114.00,14.00
,CLEAN SHELF SUPERMARKETS LTD-RUAKA BRANCH Total,,40.00,0.00,44.00,16.00,17.00,9.00,10.00,14.00,34.00,2.00,32.00,2.00,16.00,2.00,,,193.00,45.00
,CLEAN SHELF SUPERMARKETS LTD-SOUTH B,SOKO CHAPO CHAP CHAP BROWN LAYERED CHAPATI 6PCS,12.00,6.00,0.00,14.00,16.00,0.00,21.00,0.00,25.00,0.00,23.00,0.00,11.00,1.00,,,108.00,21.00
,,SOKO CHAPO CHAP CHAP WHITE LAYERED CHAPATI 6PCS,20.00,3.00,9.00,9.00,22.00,0.00,29.00,1.00,30.00,0.00,24.00,0.00,29.00,0.00,,,163.00,13.00
,CLEAN SHELF SUPERMARKETS LTD-SOUTH B Total,,32.00,9.00,9.00,23.00,38.00,0.00,50.00,1.00,55.00,0.00,47.00,0.00,40.00,1.00,,,271.00,34.00
CLEAN SHELF SUPERMARKETS LTD Total,,,642.00,30.00,520.00,210.00,657.00,49.00,668.00,96.00,569.00,80.00,518.00,37.00,539.00,55.00,,,"4,113.00",557.00
EASTLEIGH MATTRESSES LTD,EASTLEIGH MATTRESSES LTD-EASTLEIGH SECTION 3,SOKO CHAPO CHAP CHAP BROWN LAYERED CHAPATI 10PCS,,,,,,,,,2.00,0.00,20.00,0.00,9.00,0.00,,,31.00,0.00
,,SOKO CHAPO CHAP CHAP BROWN LAYERED CHAPATI 6PCS,,,,,,,,,3.00,0.00,21.00,0.00,15.00,0.00,,,39.00,0.00
,,SOKO CHAPO CHAP CHAP WHITE LAYERED CHAPATI 10PCS,,,,,,,,,2.00,0.00,21.00,0.00,5.00,4.00,,,28.00,4.00
,,SOKO CHAPO CHAP CHAP WHITE LAYERED CHAPATI 6PCS,,,,,,,,,3.00,0.00,30.00,0.00,21.00,0.00,,,54.00,0.00
,EASTLEIGH MATTRESSES LTD-EASTLEIGH SECTION 3 Total,,,,,,,,,,10.00,0.00,92.00,0.00,50.00,4.00,,,152.00,4.00
,EASTLEIGH MATTRESSES LTD-HEAD OFFICE (HQ),SOKO CHAPO CHAP CHAP BROWN LAYERED CHAPATI 10PCS,,,,,,,,,-9.00,9.00,,,,,,,-9.00,9.00
,,SOKO CHAPO CHAP CHAP BROWN LAYERED CHAPATI 6PCS,,,,,,,,,-4.00,4.00,,,,,,,-4.00,4.00
,,SOKO CHAPO CHAP CHAP WHITE LAYERED CHAPATI 10PCS,,,,,,,,,-11.00,11.00,,,,,,,-11.00,11.00
,,SOKO CHAPO CHAP CHAP WHITE LAYERED CHAPATI 6PCS,,,,,,,,,-3.00,3.00,,,,,,,-3.00,3.00
,EASTLEIGH MATTRESSES LTD-HEAD OFFICE (HQ) Total,,,,,,,,,,-27.00,27.00,,,,,,,-27.00,27.00
,EASTLEIGH MATTRESSES LTD-KITENGELA,SOKO CHAPO CHAP CHAP BROWN LAYERED CHAPATI 10PCS,,,,,,,8.00,0.00,19.00,0.00,10.00,1.00,4.00,6.00,,,41.00,7.00
,,SOKO CHAPO CHAP CHAP BROWN LAYERED CHAPATI 6PCS,,,,,,,4.00,0.00,31.00,0.00,21.00,0.00,15.00,8.00,,,71.00,8.00
,,SOKO CHAPO CHAP CHAP WHITE LAYERED CHAPATI 10PCS,,,,,,,9.00,0.00,25.00,0.00,14.00,2.00,5.00,5.00,,,53.00,7.00
,,SOKO CHAPO CHAP CHAP WHITE LAYERED CHAPATI 6PCS,,,,,,,12.00,0.00,33.00,0.00,19.00,2.00,17.00,5.00,,,81.00,7.00
,EASTLEIGH MATTRESSES LTD-KITENGELA Total,,,,,,,,33.00,0.00,108.00,0.00,64.00,5.00,41.00,24.00,,,246.00,29.00
,EASTLEIGH MATTRESSES LTD-TOM MBOYA BRANCH,SOKO CHAPO CHAP CHAP BROWN LAYERED CHAPATI 10PCS,,,,,,,2.00,0.00,6.00,0.00,8.00,2.00,5.00,1.00,,,21.00,3.00
,,SOKO CHAPO CHAP CHAP BROWN LAYERED CHAPATI 6PCS,,,,,,,3.00,0.00,6.00,0.00,6.00,2.00,9.00,1.00,,,24.00,3.00
,,SOKO CHAPO CHAP CHAP WHITE LAYERED CHAPATI 10PCS,,,,,,,1.00,0.00,2.00,0.00,3.00,1.00,8.00,1.00,,,14.00,2.00
,,SOKO CHAPO CHAP CHAP WHITE LAYERED CHAPATI 6PCS,,,,,,,6.00,0.00,18.00,0.00,15.00,2.00,12.00,6.00,,,51.00,8.00
,EASTLEIGH MATTRESSES LTD-TOM MBOYA BRANCH Total,,,,,,,,12.00,0.00,32.00,0.00,32.00,7.00,34.00,9.00,,,110.00,16.00
,EASTLEIGH MATTRESSES LTD-UTALII,SOKO CHAPO CHAP CHAP BROWN LAYERED CHAPATI 10PCS,,,,,,,2.00,0.00,2.00,0.00,,,,,,,4.00,0.00
,,SOKO CHAPO CHAP CHAP BROWN LAYERED CHAPATI 6PCS,,,,,,,3.00,0.00,2.00,0.00,3.00,0.00,-2.00,2.00,,,6.00,2.00
,,SOKO CHAPO CHAP CHAP WHITE LAYERED CHAPATI 10PCS,,,,,,,3.00,0.00,18.00,4.00,15.00,0.00,3.00,4.00,,,39.00,8.00
,,SOKO CHAPO CHAP CHAP WHITE LAYERED CHAPATI 6PCS,,,,,,,6.00,0.00,37.00,1.00,12.00,3.00,4.00,6.00,,,59.00,10.00
,EASTLEIGH MATTRESSES LTD-UTALII Total,,,,,,,,14.00,0.00,59.00,5.00,30.00,3.00,5.00,12.00,,,108.00,20.00
EASTLEIGH MATTRESSES LTD Total,,,,,,,,,59.00,0.00,182.00,32.00,218.00,15.00,130.00,49.00,,,589.00,96.00
GLOVO INFRASTRUCTURE SERVICES KENYA LTD,GLOVO INFRASTRUCTURE SERVICES KENYA LTD-CIRCLE MALL,SOKO CHAPO CHAP CHAP BROWN LAYERED CHAPATI 10PCS,18.00,0.00,10.00,0.00,24.00,0.00,24.00,0.00,40.00,0.00,38.00,0.00,40.00,0.00,,,194.00,0.00
,,SOKO CHAPO CHAP CHAP BROWN LAYERED CHAPATI 6PCS,18.00,0.00,20.00,0.00,18.00,0.00,38.00,0.00,40.00,0.00,37.00,1.00,27.00,5.00,,,198.00,6.00
,,SOKO CHAPO CHAP CHAP WHITE LAYERED CHAPATI 10PCS,18.00,0.00,20.00,0.00,15.00,0.00,20.00,0.00,40.00,0.00,24.00,1.00,15.00,5.00,,,152.00,6.00
,,SOKO CHAPO CHAP CHAP WHITE LAYERED CHAPATI 6PCS,18.00,0.00,35.00,0.00,35.00,0.00,50.00,0.00,70.00,0.00,70.00,0.00,55.00,10.00,,,333.00,10.00
,GLOVO INFRASTRUCTURE SERVICES KENYA LTD-CIRCLE MALL Total,,72.00,0.00,85.00,0.00,92.00,0.00,132.00,0.00,190.00,0.00,169.00,2.00,137.00,20.00,,,877.00,22.00
,GLOVO INFRASTRUCTURE SERVICES KENYA LTD-HEAD OFFICE,SOKO CHAPO CHAP CHAP BROWN LAYERED CHAPATI 10PCS,-4.00,4.00,,,,,,,,,-6.00,6.00,,,,,-10.00,10.00
,,SOKO CHAPO CHAP CHAP BROWN LAYERED CHAPATI 6PCS,-3.00,3.00,,,,,,,,,-2.00,2.00,,,,,-5.00,5.00
,,SOKO CHAPO CHAP CHAP WHITE LAYERED CHAPATI 10PCS,-3.00,3.00,,,5.00,0.00,,,,,-18.00,18.00,,,,,-16.00,21.00
,,SOKO CHAPO CHAP CHAP WHITE LAYERED CHAPATI 6PCS,-1.00,1.00,,,5.00,0.00,,,,,-10.00,10.00,,,,,-6.00,11.00
,GLOVO INFRASTRUCTURE SERVICES KENYA LTD-HEAD OFFICE Total,,-11.00,11.00,,,10.00,0.00,,,,,-36.00,36.00,,,,,-37.00,47.00
,GLOVO INFRASTRUCTURE SERVICES KENYA LTD-SAFARI PARK ARCADE,SOKO CHAPO CHAP CHAP BROWN LAYERED CHAPATI 10PCS,,,6.00,0.00,7.00,3.00,9.00,3.00,10.00,0.00,10.00,0.00,9.00,1.00,,,51.00,7.00
,,SOKO CHAPO CHAP CHAP BROWN LAYERED CHAPATI 6PCS,,,8.00,0.00,16.00,0.00,19.00,1.00,14.00,0.00,14.00,0.00,5.00,7.00,,,76.00,8.00
,,SOKO CHAPO CHAP CHAP WHITE LAYERED CHAPATI 10PCS,,,15.00,0.00,10.00,5.00,16.00,4.00,25.00,0.00,10.00,0.00,6.00,9.00,,,82.00,18.00
,,SOKO CHAPO CHAP CHAP WHITE LAYERED CHAPATI 6PCS,,,20.00,0.00,35.00,0.00,35.00,0.00,70.00,0.00,40.00,0.00,51.00,4.00,,,251.00,4.00
,GLOVO INFRASTRUCTURE SERVICES KENYA LTD-SAFARI PARK ARCADE Total,,,,49.00,0.00,68.00,8.00,79.00,8.00,119.00,0.00,74.00,0.00,71.00,21.00,,,460.00,37.00
GLOVO INFRASTRUCTURE SERVICES KENYA LTD Total,,,61.00,11.00,134.00,0.00,170.00,8.00,211.00,8.00,309.00,0.00,207.00,38.00,208.00,41.00,,,"1,300.00",106.00
GREEN SPOON LIMITED,GREEN SPOON LIMITED-HEAD OFFICE,SOKO CHAPO CHAP CHAP BROWN LAYERED CHAPATI 6PCS,,,,,,,,,,,36.00,0.00,24.00,0.00,,,60.00,0.00
,,SOKO CHAPO CHAP CHAP WHITE LAYERED CHAPATI 6PCS,,,,,,,,,,,36.00,0.00,13.00,11.00,,,49.00,11.00
,GREEN SPOON LIMITED-HEAD OFFICE Total,,,,,,,,,,,,72.00,0.00,37.00,11.00,,,109.00,11.00
GREEN SPOON LIMITED Total,,,,,,,,,,,,,72.00,0.00,37.00,11.00,,,109.00,11.00
JAZARIBU RETAIL LIMITED,JAZARIBU RETAIL LIMITED-GIKAMBURA,SOKO CHAPO CHAP CHAP BROWN LAYERED CHAPATI 6PCS,,,,,,,,,,,5.00,0.00,10.00,0.00,,,15.00,0.00
,,SOKO CHAPO CHAP CHAP WHITE LAYERED CHAPATI 10PCS,,,,,,,,,,,5.00,0.00,12.00,0.00,,,17.00,0.00
,,SOKO CHAPO CHAP CHAP WHITE LAYERED CHAPATI 6PCS,,,,,,,,,,,5.00,0.00,14.00,0.00,,,19.00,0.00
,JAZARIBU RETAIL LIMITED-GIKAMBURA Total,,,,,,,,,,,,15.00,0.00,36.00,0.00,,,51.00,0.00
,JAZARIBU RETAIL LIMITED-GREATWALL - ATHIRIVER,SOKO CHAPO CHAP CHAP BROWN LAYERED CHAPATI 6PCS,,,,,,,,,,,5.00,0.00,28.00,0.00,,,33.00,0.00
,,SOKO CHAPO CHAP CHAP WHITE LAYERED CHAPATI 10PCS,,,,,,,,,,,5.00,0.00,26.00,0.00,,,31.00,0.00
,,SOKO CHAPO CHAP CHAP WHITE LAYERED CHAPATI 6PCS,,,,,,,,,,,5.00,0.00,45.00,0.00,,,50.00,0.00
,JAZARIBU RETAIL LIMITED-GREATWALL - ATHIRIVER Total,,,,,,,,,,,,15.00,0.00,99.00,0.00,,,114.00,0.00
,JAZARIBU RETAIL LIMITED-KAREN,SOKO CHAPO CHAP CHAP BROWN LAYERED CHAPATI 6PCS,,,,,,,,,,,10.00,0.00,,,,,10.00,0.00
,,SOKO CHAPO CHAP CHAP WHITE LAYERED CHAPATI 10PCS,,,,,,,,,,,5.00,0.00,,,,,5.00,0.00
,,SOKO CHAPO CHAP CHAP WHITE LAYERED CHAPATI 6PCS,,,,,,,,,,,10.00,0.00,,,,,10.00,0.00
,JAZARIBU RETAIL LIMITED-KAREN Total,,,,,,,,,,,,25.00,0.00,,,,,25.00,0.00
,JAZARIBU RETAIL LIMITED-MIREMA DRIVE,SOKO CHAPO CHAP CHAP BROWN LAYERED CHAPATI 6PCS,,,,,,,,,,,,,8.00,0.00,,,8.00,0.00
,,SOKO CHAPO CHAP CHAP WHITE LAYERED CHAPATI 10PCS,,,,,,,,,,,,,8.00,0.00,,,8.00,0.00
,,SOKO CHAPO CHAP CHAP WHITE LAYERED CHAPATI 6PCS,,,,,,,,,,,,,8.00,0.00,,,8.00,0.00
,JAZARIBU RETAIL LIMITED-MIREMA DRIVE Total,,,,,,,,,,,,,,24.00,0.00,,,24.00,0.00
,JAZARIBU RETAIL LIMITED-MOMBASA ROAD,SOKO CHAPO CHAP CHAP BROWN LAYERED CHAPATI 6PCS,,,,,,,,,,,,,5.00,0.00,,,5.00,0.00
,,SOKO CHAPO CHAP CHAP WHITE LAYERED CHAPATI 10PCS,,,,,,,,,,,,,10.00,0.00,,,10.00,0.00
,,SOKO CHAPO CHAP CHAP WHITE LAYERED CHAPATI 6PCS,,,,,,,,,,,,,10.00,0.00,,,10.00,0.00
,JAZARIBU RETAIL LIMITED-MOMBASA ROAD Total,,,,,,,,,,,,,,25.00,0.00,,,25.00,0.00
,JAZARIBU RETAIL LIMITED-MUTHIGA - WAIYAKI WAY,SOKO CHAPO CHAP CHAP BROWN LAYERED CHAPATI 6PCS,,,,,,,,,,,10.00,0.00,30.00,0.00,,,40.00,0.00
,,SOKO CHAPO CHAP CHAP WHITE LAYERED CHAPATI 10PCS,,,,,,,,,,,15.00,0.00,22.00,0.00,,,37.00,0.00
,,SOKO CHAPO CHAP CHAP WHITE LAYERED CHAPATI 6PCS,,,,,,,,,,,25.00,0.00,42.00,0.00,,,67.00,0.00
,JAZARIBU RETAIL LIMITED-MUTHIGA - WAIYAKI WAY Total,,,,,,,,,,,,50.00,0.00,94.00,0.00,,,144.00,0.00
,JAZARIBU RETAIL LIMITED-NYAYO ESTATE,SOKO CHAPO CHAP CHAP BROWN LAYERED CHAPATI 6PCS,,,,,,,,,,,5.00,0.00,1.00,5.00,,,6.00,5.00
,,SOKO CHAPO CHAP CHAP WHITE LAYERED CHAPATI 10PCS,,,,,,,,,,,5.00,0.00,4.00,2.00,,,9.00,2.00
,,SOKO CHAPO CHAP CHAP WHITE LAYERED CHAPATI 6PCS,,,,,,,,,,,5.00,0.00,11.00,1.00,,,16.00,1.00
,JAZARIBU RETAIL LIMITED-NYAYO ESTATE Total,,,,,,,,,,,,15.00,0.00,16.00,8.00,,,31.00,8.00
JAZARIBU RETAIL LIMITED Total,,,,,,,,,,,,,120.00,0.00,294.00,8.00,,,414.00,8.00
JUMRA LIMITED,JUMRA LIMITED-HEAD OFFICE,SOKO CHAPO CHAP CHAP BROWN LAYERED CHAPATI 6PCS,,,,,,,65.00,0.00,39.00,10.00,42.00,9.00,95.00,0.00,,,241.00,19.00
,,SOKO CHAPO CHAP CHAP WHITE LAYERED CHAPATI 6PCS,,,,,,,78.00,0.00,41.00,18.00,48.00,9.00,74.00,0.00,,,241.00,27.00
,JUMRA LIMITED-HEAD OFFICE Total,,,,,,,,143.00,0.00,80.00,28.00,90.00,18.00,169.00,0.00,,,482.00,46.00
JUMRA LIMITED Total,,,,,,,,,143.00,0.00,80.00,28.00,90.00,18.00,169.00,0.00,,,482.00,46.00
KASSMATT SUPERMARKETS LTD,KASSMATT SUPERMARKETS LTD-JUMBO BRANCH,SOKO CHAPO CHAP CHAP BROWN LAYERED CHAPATI 10PCS,,,,,,,,,,,,,5.00,0.00,,,5.00,0.00
,,SOKO CHAPO CHAP CHAP BROWN LAYERED CHAPATI 6PCS,,,,,,,,,,,,,10.00,0.00,,,10.00,0.00
,,SOKO CHAPO CHAP CHAP WHITE LAYERED CHAPATI 10PCS,,,,,,,,,,,,,5.00,0.00,,,5.00,0.00
,,SOKO CHAPO CHAP CHAP WHITE LAYERED CHAPATI 6PCS,,,,,,,,,,,,,10.00,0.00,,,10.00,0.00
,KASSMATT SUPERMARKETS LTD-JUMBO BRANCH Total,,,,,,,,,,,,,,30.00,0.00,,,30.00,0.00
,KASSMATT SUPERMARKETS LTD-THIKA BRANCH,SOKO CHAPO CHAP CHAP BROWN LAYERED CHAPATI 10PCS,,,,,,,,,,,,,11.00,0.00,,,11.00,0.00
,,SOKO CHAPO CHAP CHAP BROWN LAYERED CHAPATI 6PCS,,,,,,,,,,,,,16.00,0.00,,,16.00,0.00
,,SOKO CHAPO CHAP CHAP WHITE LAYERED CHAPATI 10PCS,,,,,,,,,,,,,15.00,0.00,,,15.00,0.00
,,SOKO CHAPO CHAP CHAP WHITE LAYERED CHAPATI 6PCS,,,,,,,,,,,,,20.00,0.00,,,20.00,0.00
,KASSMATT SUPERMARKETS LTD-THIKA BRANCH Total,,,,,,,,,,,,,,62.00,0.00,,,62.00,0.00
KASSMATT SUPERMARKETS LTD Total,,,,,,,,,,,,,,,92.00,0.00,,,92.00,0.00
LEESTAR SUPERMARKET,LEESTAR SUPERMARKET-RUIRU BRANCH,SOKO CHAPO CHAP CHAP BROWN LAYERED CHAPATI 6PCS,,,,,-1.00,1.00,,,,,,,,,,,-1.00,1.00
,,SOKO CHAPO CHAP CHAP WHITE LAYERED CHAPATI 6PCS,,,5.00,0.00,,,,,,,,,,,,,5.00,0.00
,LEESTAR SUPERMARKET-RUIRU BRANCH Total,,,,5.00,0.00,-1.00,1.00,,,,,,,,,,,4.00,1.00
LEESTAR SUPERMARKET Total,,,,,5.00,0.00,-1.00,1.00,,,,,,,,,,,4.00,1.00
MAGUNAS SUPER STORES (K) LTD,MAGUNAS SUPER STORES (K) LTD-JOGOO ROAD,SOKO CHAPO CHAP CHAP BROWN LAYERED CHAPATI 6PCS,,,,,,,3.00,0.00,20.00,0.00,8.00,4.00,8.00,7.00,,,39.00,11.00
,,SOKO CHAPO CHAP CHAP WHITE LAYERED CHAPATI 6PCS,,,,,,,6.00,0.00,16.00,0.00,11.00,1.00,24.00,0.00,,,57.00,1.00
,MAGUNAS SUPER STORES (K) LTD-JOGOO ROAD Total,,,,,,,,9.00,0.00,36.00,0.00,19.00,5.00,32.00,7.00,,,96.00,12.00
,MAGUNAS SUPER STORES (K) LTD-KAHAWA BRANCH,SOKO CHAPO CHAP CHAP BROWN LAYERED CHAPATI 6PCS,6.00,10.00,9.00,3.00,9.00,0.00,14.00,4.00,8.00,0.00,3.00,3.00,5.00,1.00,,,54.00,21.00
,,SOKO CHAPO CHAP CHAP WHITE LAYERED CHAPATI 6PCS,28.00,2.00,9.00,11.00,12.00,0.00,29.00,2.00,5.00,4.00,5.00,1.00,10.00,0.00,,,98.00,20.00
,MAGUNAS SUPER STORES (K) LTD-KAHAWA BRANCH Total,,34.00,12.00,18.00,14.00,21.00,0.00,43.00,6.00,13.00,4.00,8.00,4.00,15.00,1.00,,,152.00,41.00
,MAGUNAS SUPER STORES (K) LTD-KAHAWA WEST BRANCH,SOKO CHAPO CHAP CHAP BROWN LAYERED CHAPATI 6PCS,,,,,3.00,0.00,6.00,0.00,6.00,1.00,2.00,1.00,2.00,2.00,,,19.00,4.00
,,SOKO CHAPO CHAP CHAP WHITE LAYERED CHAPATI 6PCS,,,,,3.00,0.00,1.00,1.00,0.00,2.00,2.00,0.00,12.00,0.00,,,18.00,3.00
,MAGUNAS SUPER STORES (K) LTD-KAHAWA WEST BRANCH Total,,,,,,6.00,0.00,7.00,1.00,6.00,3.00,4.00,1.00,14.00,2.00,,,37.00,7.00
,MAGUNAS SUPER STORES (K) LTD-KANGEMI BRANCH,SOKO CHAPO CHAP CHAP BROWN LAYERED CHAPATI 6PCS,-2.00,4.00,,,,,,,,,,,,,,,-2.00,4.00
,,SOKO CHAPO CHAP CHAP WHITE LAYERED CHAPATI 6PCS,47.00,0.00,1.00,11.00,9.00,0.00,15.00,0.00,13.00,3.00,24.00,0.00,12.00,8.00,,,121.00,22.00
,MAGUNAS SUPER STORES (K) LTD-KANGEMI BRANCH Total,,45.00,4.00,1.00,11.00,9.00,0.00,15.00,0.00,13.00,3.00,24.00,0.00,12.00,8.00,,,119.00,26.00
,MAGUNAS SUPER STORES (K) LTD-KASARANI,SOKO CHAPO CHAP CHAP BROWN LAYERED CHAPATI 6PCS,8.00,1.00,-4.00,10.00,7.00,3.00,4.00,8.00,15.00,3.00,2.00,7.00,7.00,4.00,,,39.00,36.00
,,SOKO CHAPO CHAP CHAP WHITE LAYERED CHAPATI 6PCS,9.00,0.00,14.00,4.00,15.00,0.00,9.00,6.00,23.00,0.00,5.00,7.00,6.00,5.00,,,81.00,22.00
,MAGUNAS SUPER STORES (K) LTD-KASARANI Total,,17.00,1.00,10.00,14.00,22.00,3.00,13.00,14.00,38.00,3.00,7.00,14.00,13.00,9.00,,,120.00,58.00
,MAGUNAS SUPER STORES (K) LTD-KAYOLE BRANCH,SOKO CHAPO CHAP CHAP BROWN LAYERED CHAPATI 6PCS,20.00,5.00,19.00,1.00,20.00,0.00,21.00,3.00,23.00,0.00,23.00,0.00,21.00,0.00,,,147.00,9.00
,,SOKO CHAPO CHAP CHAP WHITE LAYERED CHAPATI 6PCS,23.00,9.00,16.00,6.00,27.00,0.00,23.00,1.00,28.00,0.00,23.00,0.00,22.00,0.00,,,162.00,16.00
,MAGUNAS SUPER STORES (K) LTD-KAYOLE BRANCH Total,,43.00,14.00,35.00,7.00,47.00,0.00,44.00,4.00,51.00,0.00,46.00,0.00,43.00,0.00,,,309.00,25.00
,MAGUNAS SUPER STORES (K) LTD-KENOL BRANCH,SOKO CHAPO CHAP CHAP BROWN LAYERED CHAPATI 6PCS,,,,,3.00,0.00,8.00,1.00,6.00,3.00,10.00,2.00,4.00,2.00,,,31.00,8.00
,,SOKO CHAPO CHAP CHAP WHITE LAYERED CHAPATI 6PCS,,,,,12.00,0.00,2.00,7.00,9.00,0.00,12.00,0.00,8.00,0.00,,,43.00,7.00
,MAGUNAS SUPER STORES (K) LTD-KENOL BRANCH Total,,,,,,15.00,0.00,10.00,8.00,15.00,3.00,22.00,2.00,12.00,2.00,,,74.00,15.00
,MAGUNAS SUPER STORES (K) LTD-KITISURU BRANCH,SOKO CHAPO CHAP CHAP BROWN LAYERED CHAPATI 6PCS,80.00,5.00,27.00,23.00,37.00,9.00,39.00,13.00,10.00,14.00,26.00,4.00,18.00,9.00,,,237.00,77.00
,,SOKO CHAPO CHAP CHAP WHITE LAYERED CHAPATI 6PCS,114.00,1.00,55.00,6.00,47.00,4.00,72.00,1.00,21.00,3.00,32.00,4.00,31.00,5.00,,,372.00,24.00
,MAGUNAS SUPER STORES (K) LTD-KITISURU BRANCH Total,,194.00,6.00,82.00,29.00,84.00,13.00,111.00,14.00,31.00,17.00,58.00,8.00,49.00,14.00,,,609.00,101.00
,MAGUNAS SUPER STORES (K) LTD-MEMBLEY BRANCH,SOKO CHAPO CHAP CHAP BROWN LAYERED CHAPATI 6PCS,21.00,5.00,2.00,11.00,15.00,1.00,19.00,1.00,21.00,5.00,14.00,6.00,1.00,8.00,,,93.00,37.00
,,SOKO CHAPO CHAP CHAP WHITE LAYERED CHAPATI 6PCS,40.00,0.00,26.00,2.00,30.00,2.00,31.00,7.00,38.00,0.00,24.00,8.00,8.00,6.00,,,197.00,25.00
,MAGUNAS SUPER STORES (K) LTD-MEMBLEY BRANCH Total,,61.00,5.00,28.00,13.00,45.00,3.00,50.00,8.00,59.00,5.00,38.00,14.00,9.00,14.00,,,290.00,62.00
,MAGUNAS SUPER STORES (K) LTD-MEMBLEY EXPRESS,SOKO CHAPO CHAP CHAP BROWN LAYERED CHAPATI 6PCS,6.00,0.00,3.00,3.00,13.00,0.00,15.00,0.00,4.00,5.00,12.00,0.00,9.00,1.00,,,62.00,9.00
,,SOKO CHAPO CHAP CHAP WHITE LAYERED CHAPATI 6PCS,30.00,0.00,9.00,7.00,27.00,3.00,25.00,2.00,15.00,9.00,24.00,0.00,5.00,12.00,,,135.00,33.00
,MAGUNAS SUPER STORES (K) LTD-MEMBLEY EXPRESS Total,,36.00,0.00,12.00,10.00,40.00,3.00,40.00,2.00,19.00,14.00,36.00,0.00,14.00,13.00,,,197.00,42.00
,MAGUNAS SUPER STORES (K) LTD-NDENDERU BRACH,SOKO CHAPO CHAP CHAP BROWN LAYERED CHAPATI 6PCS,29.00,1.00,42.00,4.00,24.00,0.00,40.00,0.00,34.00,2.00,12.00,4.00,6.00,6.00,,,187.00,17.00
,,SOKO CHAPO CHAP CHAP WHITE LAYERED CHAPATI 6PCS,30.00,0.00,60.00,0.00,34.00,0.00,44.00,1.00,40.00,2.00,14.00,4.00,9.00,3.00,,,231.00,10.00
,MAGUNAS SUPER STORES (K) LTD-NDENDERU BRACH Total,,59.00,1.00,102.00,4.00,58.00,0.00,84.00,1.00,74.00,4.00,26.00,8.00,15.00,9.00,,,418.00,27.00
,MAGUNAS SUPER STORES (K) LTD-NGONG BRANCH,SOKO CHAPO CHAP CHAP BROWN LAYERED CHAPATI 6PCS,,,,,,,,,9.00,0.00,19.00,0.00,15.00,0.00,,,43.00,0.00
,,SOKO CHAPO CHAP CHAP WHITE LAYERED CHAPATI 6PCS,,,,,,,,,24.00,0.00,34.00,0.00,26.00,0.00,,,84.00,0.00
,MAGUNAS SUPER STORES (K) LTD-NGONG BRANCH Total,,,,,,,,,,33.00,0.00,53.00,0.00,41.00,0.00,,,127.00,0.00
,MAGUNAS SUPER STORES (K) LTD-PANGANI BRANCH,SOKO CHAPO CHAP CHAP BROWN LAYERED CHAPATI 6PCS,-1.00,1.00,-5.00,5.00,,,,,,,,,,,,,-6.00,6.00
,,SOKO CHAPO CHAP CHAP WHITE LAYERED CHAPATI 6PCS,43.00,0.00,21.00,18.00,23.00,1.00,24.00,0.00,30.00,0.00,30.00,0.00,36.00,0.00,,,207.00,19.00
,MAGUNAS SUPER STORES (K) LTD-PANGANI BRANCH Total,,42.00,1.00,16.00,23.00,23.00,1.00,24.00,0.00,30.00,0.00,30.00,0.00,36.00,0.00,,,201.00,25.00
,MAGUNAS SUPER STORES (K) LTD-PIPELINE BRANCH,SOKO CHAPO CHAP CHAP BROWN LAYERED CHAPATI 6PCS,,,,,,,19.00,0.00,13.00,3.00,11.00,0.00,3.00,5.00,,,46.00,8.00
,,SOKO CHAPO CHAP CHAP WHITE LAYERED CHAPATI 6PCS,,,,,,,35.00,0.00,22.00,5.00,14.00,0.00,11.00,1.00,,,82.00,6.00
,MAGUNAS SUPER STORES (K) LTD-PIPELINE BRANCH Total,,,,,,,,54.00,0.00,35.00,8.00,25.00,0.00,14.00,6.00,,,128.00,14.00
,MAGUNAS SUPER STORES (K) LTD-ROASTERS BRANCH,SOKO CHAPO CHAP CHAP BROWN LAYERED CHAPATI 6PCS,15.00,1.00,-1.00,19.00,15.00,0.00,10.00,2.00,-2.00,8.00,3.00,3.00,5.00,1.00,,,45.00,34.00
,,SOKO CHAPO CHAP CHAP WHITE LAYERED CHAPATI 6PCS,19.00,1.00,6.00,12.00,15.00,0.00,18.00,2.00,3.00,3.00,7.00,2.00,7.00,0.00,,,75.00,20.00
,MAGUNAS SUPER STORES (K) LTD-ROASTERS BRANCH Total,,34.00,2.00,5.00,31.00,30.00,0.00,28.00,4.00,1.00,11.00,10.00,5.00,12.00,1.00,,,120.00,54.00
,MAGUNAS SUPER STORES (K) LTD-RUARAKA,SOKO CHAPO CHAP CHAP BROWN LAYERED CHAPATI 6PCS,,,,,2.00,0.00,5.00,1.00,2.00,3.00,-3.00,3.00,1.00,2.00,,,7.00,9.00
,,SOKO CHAPO CHAP CHAP WHITE LAYERED CHAPATI 6PCS,,,,,7.00,0.00,10.00,1.00,3.00,4.00,-1.00,1.00,3.00,2.00,,,22.00,8.00
,MAGUNAS SUPER STORES (K) LTD-RUARAKA Total,,,,,,9.00,0.00,15.00,2.00,5.00,7.00,-4.00,4.00,4.00,4.00,,,29.00,17.00
,MAGUNAS SUPER STORES (K) LTD-RUIRU BRANCH,SOKO CHAPO CHAP CHAP BROWN LAYERED CHAPATI 6PCS,,,9.00,0.00,-3.00,6.00,15.00,0.00,10.00,0.00,22.00,1.00,13.00,2.00,,,66.00,9.00
,,SOKO CHAPO CHAP CHAP WHITE LAYERED CHAPATI 6PCS,,,20.00,0.00,12.00,4.00,32.00,1.00,22.00,3.00,47.00,0.00,19.00,7.00,,,152.00,15.00
,MAGUNAS SUPER STORES (K) LTD-RUIRU BRANCH Total,,,,29.00,0.00,9.00,10.00,47.00,1.00,32.00,3.00,69.00,1.00,32.00,9.00,,,218.00,24.00
,MAGUNAS SUPER STORES (K) LTD-THIKA BRANCH,SOKO CHAPO CHAP CHAP BROWN LAYERED CHAPATI 6PCS,5.00,5.00,14.00,3.00,4.00,3.00,4.00,13.00,8.00,3.00,2.00,2.00,5.00,3.00,,,42.00,32.00
,,SOKO CHAPO CHAP CHAP WHITE LAYERED CHAPATI 6PCS,8.00,7.00,27.00,0.00,7.00,2.00,15.00,4.00,13.00,4.00,3.00,3.00,9.00,3.00,,,82.00,23.00
,MAGUNAS SUPER STORES (K) LTD-THIKA BRANCH Total,,13.00,12.00,41.00,3.00,11.00,5.00,19.00,17.00,21.00,7.00,5.00,5.00,14.00,6.00,,,124.00,55.00
,MAGUNAS SUPER STORES (K) LTD-UTAWALA BRANCH,SOKO CHAPO CHAP CHAP BROWN LAYERED CHAPATI 6PCS,43.00,0.00,32.00,4.00,21.00,5.00,39.00,0.00,36.00,0.00,27.00,1.00,42.00,0.00,,,240.00,10.00
,,SOKO CHAPO CHAP CHAP WHITE LAYERED CHAPATI 6PCS,65.00,0.00,49.00,0.00,38.00,8.00,64.00,0.00,47.00,6.00,32.00,4.00,46.00,0.00,,,341.00,18.00
,MAGUNAS SUPER STORES (K) LTD-UTAWALA BRANCH Total,,108.00,0.00,81.00,4.00,59.00,13.00,103.00,0.00,83.00,6.00,59.00,5.00,88.00,0.00,,,581.00,28.00
,MAGUNAS SUPER STORES (K) LTD-WANGIGE BRANCH,SOKO CHAPO CHAP CHAP BROWN LAYERED CHAPATI 6PCS,21.00,0.00,14.00,0.00,8.00,4.00,29.00,0.00,18.00,0.00,14.00,0.00,20.00,0.00,,,124.00,4.00
,,SOKO CHAPO CHAP CHAP WHITE LAYERED CHAPATI 6PCS,21.00,0.00,38.00,0.00,51.00,0.00,74.00,0.00,75.00,0.00,27.00,3.00,35.00,1.00,,,321.00,4.00
,MAGUNAS SUPER STORES (K) LTD-WANGIGE BRANCH Total,,42.00,0.00,52.00,0.00,59.00,4.00,103.00,0.00,93.00,0.00,41.00,3.00,55.00,1.00,,,445.00,8.00
MAGUNAS SUPER STORES (K) LTD Total,,,728.00,58.00,512.00,163.00,547.00,55.00,819.00,82.00,688.00,98.00,576.00,79.00,524.00,106.00,,,"4,394.00",641.00
MAJID AL FUTTAIM HYPERMARKETS LTD,MAJID AL FUTTAIM HYPERMARKETS LTD-BEACON BRANCH,SOKO CHAPO CHAP CHAP BROWN LAYERED CHAPATI 10PCS,6.00,4.00,2.00,11.00,10.00,0.00,3.00,7.00,-2.00,7.00,10.00,0.00,3.00,0.00,,,32.00,29.00
,,SOKO CHAPO CHAP CHAP BROWN LAYERED CHAPATI 6PCS,3.00,3.00,15.00,3.00,6.00,0.00,5.00,1.00,2.00,4.00,5.00,1.00,3.00,0.00,,,39.00,12.00
,,SOKO CHAPO CHAP CHAP WHITE LAYERED CHAPATI 10PCS,6.00,4.00,16.00,7.00,18.00,2.00,21.00,10.00,2.00,8.00,13.00,0.00,4.00,0.00,,,80.00,31.00
,,SOKO CHAPO CHAP CHAP WHITE LAYERED CHAPATI 6PCS,3.00,3.00,16.00,2.00,11.00,1.00,18.00,9.00,-1.00,7.00,9.00,0.00,5.00,0.00,,,61.00,22.00
,MAJID AL FUTTAIM HYPERMARKETS LTD-BEACON BRANCH Total,,18.00,14.00,49.00,23.00,45.00,3.00,47.00,27.00,1.00,26.00,37.00,1.00,15.00,0.00,,,212.00,94.00
,MAJID AL FUTTAIM HYPERMARKETS LTD-BUSINESS BAY,SOKO CHAPO CHAP CHAP BROWN LAYERED CHAPATI 10PCS,16.00,4.00,25.00,16.00,28.00,2.00,39.00,2.00,35.00,6.00,20.00,0.00,50.00,0.00,,,213.00,30.00
,,SOKO CHAPO CHAP CHAP BROWN LAYERED CHAPATI 6PCS,17.00,1.00,21.00,9.00,17.00,1.00,21.00,0.00,21.00,3.00,17.00,1.00,30.00,0.00,,,144.00,15.00
,,SOKO CHAPO CHAP CHAP WHITE LAYERED CHAPATI 10PCS,30.00,0.00,17.00,13.00,27.00,3.00,28.00,7.00,35.00,6.00,30.00,0.00,40.00,0.00,,,207.00,29.00
,,SOKO CHAPO CHAP CHAP WHITE LAYERED CHAPATI 6PCS,17.00,1.00,17.00,13.00,16.00,2.00,18.00,3.00,21.00,3.00,23.00,1.00,30.00,0.00,,,142.00,23.00
,MAJID AL FUTTAIM HYPERMARKETS LTD-BUSINESS BAY Total,,80.00,6.00,80.00,51.00,88.00,8.00,106.00,12.00,112.00,18.00,90.00,2.00,150.00,0.00,,,706.00,97.00
,MAJID AL FUTTAIM HYPERMARKETS LTD-COMET HOUSE BRANCH,SOKO CHAPO CHAP CHAP BROWN LAYERED CHAPATI 10PCS,10.00,0.00,-5.00,8.00,,,,,,,,,,,,,5.00,8.00
,,SOKO CHAPO CHAP CHAP BROWN LAYERED CHAPATI 6PCS,6.00,0.00,-1.00,4.00,,,,,,,,,,,,,5.00,4.00
,,SOKO CHAPO CHAP CHAP WHITE LAYERED CHAPATI 10PCS,10.00,0.00,-1.00,4.00,,,,,,,,,,,,,9.00,4.00
,,SOKO CHAPO CHAP CHAP WHITE LAYERED CHAPATI 6PCS,6.00,0.00,-2.00,5.00,,,,,,,,,,,,,4.00,5.00
,MAJID AL FUTTAIM HYPERMARKETS LTD-COMET HOUSE BRANCH Total,,32.00,0.00,-9.00,21.00,,,,,,,,,,,,,23.00,21.00
,MAJID AL FUTTAIM HYPERMARKETS LTD-GALLERIA MALL,SOKO CHAPO CHAP CHAP BROWN LAYERED CHAPATI 10PCS,50.00,0.00,51.00,25.00,58.00,40.00,50.00,32.00,44.00,38.00,45.00,5.00,47.00,3.00,,,345.00,143.00
,,SOKO CHAPO CHAP CHAP BROWN LAYERED CHAPATI 6PCS,39.00,3.00,44.00,22.00,58.00,28.00,26.00,28.00,72.00,24.00,39.00,3.00,36.00,12.00,,,314.00,120.00
,,SOKO CHAPO CHAP CHAP WHITE LAYERED CHAPATI 10PCS,60.00,0.00,108.00,24.00,77.00,33.00,55.00,29.00,81.00,20.00,72.00,3.00,80.00,0.00,,,533.00,109.00
,,SOKO CHAPO CHAP CHAP WHITE LAYERED CHAPATI 6PCS,54.00,0.00,77.00,31.00,62.00,32.00,68.00,10.00,106.00,6.00,60.00,0.00,66.00,0.00,,,493.00,79.00
,MAJID AL FUTTAIM HYPERMARKETS LTD-GALLERIA MALL Total,,203.00,3.00,280.00,102.00,255.00,133.00,199.00,99.00,303.00,88.00,216.00,11.00,229.00,15.00,,,"1,685.00",451.00
,MAJID AL FUTTAIM HYPERMARKETS LTD-GARDEN CITY,SOKO CHAPO CHAP CHAP BROWN LAYERED CHAPATI 10PCS,30.00,0.00,-1.00,25.00,2.00,18.00,29.00,12.00,6.00,15.00,29.00,8.00,23.00,8.00,,,118.00,86.00
,,SOKO CHAPO CHAP CHAP BROWN LAYERED CHAPATI 6PCS,21.00,0.00,11.00,15.00,15.00,9.00,23.00,13.00,18.00,3.00,28.00,6.00,19.00,5.00,,,135.00,51.00
,,SOKO CHAPO CHAP CHAP WHITE LAYERED CHAPATI 10PCS,30.00,0.00,14.00,13.00,14.00,16.00,20.00,11.00,21.00,5.00,31.00,6.00,28.00,3.00,,,158.00,54.00
,,SOKO CHAPO CHAP CHAP WHITE LAYERED CHAPATI 6PCS,21.00,0.00,22.00,8.00,32.00,4.00,36.00,0.00,30.00,0.00,36.00,6.00,29.00,1.00,,,206.00,19.00
,MAJID AL FUTTAIM HYPERMARKETS LTD-GARDEN CITY Total,,102.00,0.00,46.00,61.00,63.00,47.00,108.00,36.00,75.00,23.00,124.00,26.00,99.00,17.00,,,617.00,210.00
,MAJID AL FUTTAIM HYPERMARKETS LTD-GTC,SOKO CHAPO CHAP CHAP BROWN LAYERED CHAPATI 10PCS,10.00,0.00,-9.00,9.00,13.00,2.00,0.00,6.00,5.00,0.00,3.00,3.00,-2.00,2.00,,,20.00,22.00
,,SOKO CHAPO CHAP CHAP BROWN LAYERED CHAPATI 6PCS,6.00,0.00,-3.00,3.00,9.00,0.00,7.00,5.00,3.00,0.00,6.00,0.00,11.00,1.00,,,39.00,9.00
,,SOKO CHAPO CHAP CHAP WHITE LAYERED CHAPATI 10PCS,10.00,0.00,-10.00,10.00,12.00,3.00,6.00,10.00,4.00,6.00,3.00,3.00,13.00,3.00,,,38.00,35.00
,,SOKO CHAPO CHAP CHAP WHITE LAYERED CHAPATI 6PCS,6.00,0.00,-1.00,1.00,8.00,1.00,10.00,2.00,12.00,3.00,4.00,2.00,10.00,2.00,,,49.00,11.00
,MAJID AL FUTTAIM HYPERMARKETS LTD-GTC Total,,32.00,0.00,-23.00,23.00,42.00,6.00,23.00,23.00,24.00,9.00,16.00,8.00,32.00,8.00,,,146.00,77.00
,MAJID AL FUTTAIM HYPERMARKETS LTD-JUNCTION MALL,SOKO CHAPO CHAP CHAP BROWN LAYERED CHAPATI 10PCS,30.00,0.00,30.00,10.00,15.00,10.00,28.00,3.00,33.00,2.00,28.00,2.00,31.00,4.00,,,195.00,31.00
,,SOKO CHAPO CHAP CHAP BROWN LAYERED CHAPATI 6PCS,18.00,0.00,55.00,5.00,34.00,13.00,45.00,3.00,49.00,3.00,53.00,1.00,38.00,18.00,,,292.00,43.00
,,SOKO CHAPO CHAP CHAP WHITE LAYERED CHAPATI 10PCS,40.00,0.00,112.00,15.00,119.00,2.00,68.00,22.00,68.00,12.00,95.00,0.00,108.00,2.00,,,610.00,53.00
,,SOKO CHAPO CHAP CHAP WHITE LAYERED CHAPATI 6PCS,30.00,0.00,114.00,5.00,81.00,20.00,104.00,8.00,110.00,0.00,88.00,0.00,120.00,2.00,,,647.00,35.00
,MAJID AL FUTTAIM HYPERMARKETS LTD-JUNCTION MALL Total,,118.00,0.00,311.00,35.00,249.00,45.00,245.00,36.00,260.00,17.00,264.00,3.00,297.00,26.00,,,"1,744.00",162.00
,MAJID AL FUTTAIM HYPERMARKETS LTD-KAREN BRANCH,SOKO CHAPO CHAP CHAP BROWN LAYERED CHAPATI 10PCS,30.00,0.00,49.00,21.00,60.00,0.00,72.00,0.00,59.00,6.00,70.00,0.00,53.00,17.00,,,393.00,44.00
,,SOKO CHAPO CHAP CHAP BROWN LAYERED CHAPATI 6PCS,18.00,0.00,45.00,3.00,60.00,0.00,71.00,1.00,68.00,4.00,72.00,0.00,72.00,6.00,,,406.00,14.00
,,SOKO CHAPO CHAP CHAP WHITE LAYERED CHAPATI 10PCS,40.00,0.00,103.00,7.00,110.00,0.00,107.00,3.00,110.00,15.00,110.00,0.00,150.00,0.00,,,730.00,25.00
,,SOKO CHAPO CHAP CHAP WHITE LAYERED CHAPATI 6PCS,24.00,0.00,74.00,4.00,72.00,0.00,75.00,9.00,84.00,6.00,84.00,0.00,126.00,0.00,,,539.00,19.00
,MAJID AL FUTTAIM HYPERMARKETS LTD-KAREN BRANCH Total,,112.00,0.00,271.00,35.00,302.00,0.00,325.00,13.00,321.00,31.00,336.00,0.00,401.00,23.00,,,"2,068.00",102.00
,MAJID AL FUTTAIM HYPERMARKETS LTD-KILIMANI BRANCH,SOKO CHAPO CHAP CHAP BROWN LAYERED CHAPATI 10PCS,10.00,5.00,19.00,9.00,22.00,13.00,35.00,11.00,-3.00,13.00,20.00,0.00,49.00,1.00,,,152.00,52.00
,,SOKO CHAPO CHAP CHAP BROWN LAYERED CHAPATI 6PCS,14.00,4.00,19.00,8.00,21.00,3.00,27.00,3.00,21.00,3.00,22.00,0.00,36.00,0.00,,,160.00,21.00
,,SOKO CHAPO CHAP CHAP WHITE LAYERED CHAPATI 10PCS,17.00,3.00,32.00,6.00,33.00,2.00,32.00,10.00,20.00,0.00,20.00,0.00,50.00,0.00,,,204.00,21.00
,,SOKO CHAPO CHAP CHAP WHITE LAYERED CHAPATI 6PCS,13.00,5.00,19.00,2.00,23.00,1.00,30.00,6.00,15.00,3.00,22.00,0.00,30.00,0.00,,,152.00,17.00
,MAJID AL FUTTAIM HYPERMARKETS LTD-KILIMANI BRANCH Total,,54.00,17.00,89.00,25.00,99.00,19.00,124.00,30.00,53.00,19.00,84.00,0.00,165.00,1.00,,,668.00,111.00
,MAJID AL FUTTAIM HYPERMARKETS LTD-MAASAI MALL BRANCH,SOKO CHAPO CHAP CHAP BROWN LAYERED CHAPATI 10PCS,-3.00,13.00,16.00,0.00,17.00,23.00,-5.00,35.00,10.00,10.00,13.00,7.00,13.00,12.00,,,61.00,100.00
,,SOKO CHAPO CHAP CHAP BROWN LAYERED CHAPATI 6PCS,9.00,9.00,6.00,7.00,17.00,7.00,2.00,16.00,16.00,3.00,15.00,1.00,13.00,5.00,,,78.00,48.00
,,SOKO CHAPO CHAP CHAP WHITE LAYERED CHAPATI 10PCS,-5.00,15.00,7.00,9.00,30.00,10.00,17.00,13.00,19.00,6.00,16.00,2.00,22.00,3.00,,,106.00,58.00
,,SOKO CHAPO CHAP CHAP WHITE LAYERED CHAPATI 6PCS,18.00,0.00,10.00,5.00,28.00,2.00,18.00,0.00,19.00,0.00,14.00,2.00,23.00,1.00,,,130.00,10.00
,MAJID AL FUTTAIM HYPERMARKETS LTD-MAASAI MALL BRANCH Total,,19.00,37.00,39.00,21.00,92.00,42.00,32.00,64.00,64.00,19.00,58.00,12.00,71.00,21.00,,,375.00,216.00
,MAJID AL FUTTAIM HYPERMARKETS LTD-MAKUTANO BRANCH,SOKO CHAPO CHAP CHAP BROWN LAYERED CHAPATI 10PCS,40.00,0.00,12.00,15.00,14.00,6.00,18.00,2.00,14.00,6.00,18.00,5.00,25.00,6.00,,,141.00,40.00
,,SOKO CHAPO CHAP CHAP BROWN LAYERED CHAPATI 6PCS,24.00,0.00,24.00,12.00,3.00,9.00,24.00,0.00,23.00,1.00,14.00,5.00,23.00,3.00,,,135.00,30.00
,,SOKO CHAPO CHAP CHAP WHITE LAYERED CHAPATI 10PCS,50.00,0.00,20.00,17.00,17.00,13.00,20.00,0.00,19.00,1.00,18.00,5.00,31.00,1.00,,,175.00,37.00
,,SOKO CHAPO CHAP CHAP WHITE LAYERED CHAPATI 6PCS,30.00,0.00,41.00,13.00,21.00,9.00,24.00,0.00,30.00,0.00,15.00,6.00,25.00,3.00,,,186.00,31.00
,MAJID AL FUTTAIM HYPERMARKETS LTD-MAKUTANO BRANCH Total,,144.00,0.00,97.00,57.00,55.00,37.00,86.00,2.00,86.00,8.00,65.00,21.00,104.00,13.00,,,637.00,138.00
,MAJID AL FUTTAIM HYPERMARKETS LTD-MEGA BRANCH,SOKO CHAPO CHAP CHAP BROWN LAYERED CHAPATI 10PCS,40.00,0.00,37.00,13.00,47.00,3.00,32.00,8.00,22.00,38.00,46.00,4.00,51.00,19.00,,,275.00,85.00
,,SOKO CHAPO CHAP CHAP BROWN LAYERED CHAPATI 6PCS,36.00,0.00,57.00,3.00,65.00,1.00,46.00,0.00,63.00,14.00,48.00,0.00,54.00,30.00,,,369.00,48.00
,,SOKO CHAPO CHAP CHAP WHITE LAYERED CHAPATI 10PCS,50.00,0.00,49.00,21.00,80.00,0.00,24.00,16.00,45.00,35.00,39.00,11.00,81.00,11.00,,,368.00,94.00
,,SOKO CHAPO CHAP CHAP WHITE LAYERED CHAPATI 6PCS,48.00,0.00,63.00,9.00,83.00,1.00,46.00,0.00,101.00,1.00,51.00,3.00,81.00,3.00,,,473.00,17.00
,MAJID AL FUTTAIM HYPERMARKETS LTD-MEGA BRANCH Total,,174.00,0.00,206.00,46.00,275.00,5.00,148.00,24.00,231.00,88.00,184.00,18.00,267.00,63.00,,,"1,485.00",244.00
,MAJID AL FUTTAIM HYPERMARKETS LTD-NEXTGEN MALL,SOKO CHAPO CHAP CHAP BROWN LAYERED CHAPATI 10PCS,3.00,17.00,24.00,4.00,36.00,9.00,20.00,0.00,31.00,0.00,21.00,0.00,31.00,0.00,,,166.00,30.00
,,SOKO CHAPO CHAP CHAP BROWN LAYERED CHAPATI 6PCS,11.00,7.00,20.00,1.00,30.00,0.00,24.00,0.00,24.00,0.00,18.00,0.00,16.00,5.00,,,143.00,13.00
,,SOKO CHAPO CHAP CHAP WHITE LAYERED CHAPATI 10PCS,21.00,9.00,20.00,8.00,46.00,4.00,45.00,0.00,23.00,0.00,20.00,0.00,41.00,0.00,,,216.00,21.00
,,SOKO CHAPO CHAP CHAP WHITE LAYERED CHAPATI 6PCS,10.00,8.00,21.00,0.00,35.00,1.00,36.00,0.00,24.00,0.00,21.00,0.00,27.00,0.00,,,174.00,9.00
,MAJID AL FUTTAIM HYPERMARKETS LTD-NEXTGEN MALL Total,,45.00,41.00,85.00,13.00,147.00,14.00,125.00,0.00,102.00,0.00,80.00,0.00,115.00,5.00,,,699.00,73.00
,MAJID AL FUTTAIM HYPERMARKETS LTD-NGARA BRANCH,SOKO CHAPO CHAP CHAP BROWN LAYERED CHAPATI 10PCS,-1.00,1.00,,,3.00,0.00,9.00,1.00,0.00,9.00,9.00,0.00,8.00,2.00,,,28.00,13.00
,,SOKO CHAPO CHAP CHAP BROWN LAYERED CHAPATI 6PCS,3.00,0.00,,,3.00,0.00,6.00,0.00,7.00,0.00,9.00,0.00,5.00,1.00,,,33.00,1.00
,,SOKO CHAPO CHAP CHAP WHITE LAYERED CHAPATI 10PCS,5.00,0.00,-1.00,1.00,3.00,0.00,10.00,0.00,2.00,7.00,7.00,2.00,9.00,1.00,,,35.00,11.00
,,SOKO CHAPO CHAP CHAP WHITE LAYERED CHAPATI 6PCS,,,0.00,6.00,3.00,0.00,6.00,0.00,5.00,2.00,9.00,0.00,6.00,0.00,,,29.00,8.00
,MAJID AL FUTTAIM HYPERMARKETS LTD-NGARA BRANCH Total,,7.00,1.00,-1.00,7.00,12.00,0.00,31.00,1.00,14.00,18.00,34.00,2.00,28.00,4.00,,,125.00,33.00
,MAJID AL FUTTAIM HYPERMARKETS LTD-PARKLANDS  MARKET BRANCH,SOKO CHAPO CHAP CHAP BROWN LAYERED CHAPATI 10PCS,7.00,8.00,,,,,,,,,,,,,,,7.00,8.00
,,SOKO CHAPO CHAP CHAP BROWN LAYERED CHAPATI 6PCS,5.00,4.00,,,,,,,,,,,,,,,5.00,4.00
,,SOKO CHAPO CHAP CHAP WHITE LAYERED CHAPATI 10PCS,7.00,8.00,,,,,,,,,,,,,,,7.00,8.00
,,SOKO CHAPO CHAP CHAP WHITE LAYERED CHAPATI 6PCS,3.00,6.00,,,,,,,,,,,,,,,3.00,6.00
,MAJID AL FUTTAIM HYPERMARKETS LTD-PARKLANDS  MARKET BRANCH Total,,22.00,26.00,,,,,,,,,,,,,,,22.00,26.00
,MAJID AL FUTTAIM HYPERMARKETS LTD-PARKLANDS MARKET BRANCH,SOKO CHAPO CHAP CHAP BROWN LAYERED CHAPATI 10PCS,,,-4.00,4.00,25.00,0.00,5.00,15.00,10.00,5.00,22.00,0.00,12.00,3.00,,,70.00,27.00
,,SOKO CHAPO CHAP CHAP BROWN LAYERED CHAPATI 6PCS,,,1.00,5.00,12.00,0.00,5.00,7.00,14.00,1.00,15.00,0.00,16.00,5.00,,,63.00,18.00
,,SOKO CHAPO CHAP CHAP WHITE LAYERED CHAPATI 10PCS,,,-1.00,1.00,25.00,0.00,11.00,9.00,6.00,9.00,22.00,0.00,18.00,7.00,,,81.00,26.00
,,SOKO CHAPO CHAP CHAP WHITE LAYERED CHAPATI 6PCS,,,2.00,4.00,18.00,0.00,16.00,2.00,18.00,0.00,15.00,0.00,15.00,0.00,,,84.00,6.00
,MAJID AL FUTTAIM HYPERMARKETS LTD-PARKLANDS MARKET BRANCH Total,,,,-2.00,14.00,80.00,0.00,37.00,33.00,48.00,15.00,74.00,0.00,61.00,15.00,,,298.00,77.00
,MAJID AL FUTTAIM HYPERMARKETS LTD-PROMENADE BRANCH,SOKO CHAPO CHAP CHAP BROWN LAYERED CHAPATI 10PCS,,,,,,,,,-1.00,1.00,,,,,,,-1.00,1.00
,MAJID AL FUTTAIM HYPERMARKETS LTD-PROMENADE BRANCH Total,,,,,,,,,,-1.00,1.00,,,,,,,-1.00,1.00
,MAJID AL FUTTAIM HYPERMARKETS LTD-RHAPTA PROMENADE,SOKO CHAPO CHAP CHAP BROWN LAYERED CHAPATI 10PCS,10.00,0.00,-9.00,9.00,,,7.00,0.00,1.00,4.00,15.00,2.00,3.00,10.00,,,27.00,25.00
,,SOKO CHAPO CHAP CHAP BROWN LAYERED CHAPATI 6PCS,6.00,0.00,-4.00,4.00,,,6.00,0.00,4.00,3.00,12.00,0.00,12.00,1.00,,,36.00,8.00
,,SOKO CHAPO CHAP CHAP WHITE LAYERED CHAPATI 10PCS,10.00,0.00,-10.00,10.00,,,7.00,0.00,9.00,2.00,14.00,3.00,4.00,9.00,,,34.00,24.00
,,SOKO CHAPO CHAP CHAP WHITE LAYERED CHAPATI 6PCS,6.00,0.00,-4.00,4.00,,,6.00,0.00,13.00,0.00,10.00,2.00,10.00,3.00,,,41.00,9.00
,MAJID AL FUTTAIM HYPERMARKETS LTD-RHAPTA PROMENADE Total,,32.00,0.00,-27.00,27.00,,,26.00,0.00,27.00,9.00,51.00,7.00,29.00,23.00,,,138.00,66.00
,MAJID AL FUTTAIM HYPERMARKETS LTD-RUIRU HYPER,SOKO CHAPO CHAP CHAP BROWN LAYERED CHAPATI 10PCS,24.00,1.00,21.00,9.00,30.00,0.00,39.00,9.00,28.00,17.00,43.00,11.00,26.00,21.00,,,211.00,68.00
,,SOKO CHAPO CHAP CHAP BROWN LAYERED CHAPATI 6PCS,18.00,0.00,32.00,4.00,24.00,0.00,48.00,3.00,30.00,6.00,51.00,5.00,36.00,17.00,,,239.00,35.00
,,SOKO CHAPO CHAP CHAP WHITE LAYERED CHAPATI 10PCS,23.00,2.00,42.00,3.00,30.00,0.00,59.00,1.00,46.00,19.00,76.00,9.00,68.00,12.00,,,344.00,46.00
,,SOKO CHAPO CHAP CHAP WHITE LAYERED CHAPATI 6PCS,18.00,0.00,42.00,0.00,24.00,0.00,47.00,1.00,54.00,12.00,63.00,4.00,58.00,16.00,,,306.00,33.00
,MAJID AL FUTTAIM HYPERMARKETS LTD-RUIRU HYPER Total,,83.00,3.00,137.00,16.00,108.00,0.00,193.00,14.00,158.00,54.00,233.00,29.00,188.00,66.00,,,"1,100.00",182.00
,MAJID AL FUTTAIM HYPERMARKETS LTD-RUNDA BRANCH,SOKO CHAPO CHAP CHAP BROWN LAYERED CHAPATI 10PCS,17.00,6.00,-4.00,11.00,9.00,1.00,16.00,4.00,-1.00,10.00,2.00,3.00,11.00,9.00,,,50.00,44.00
,,SOKO CHAPO CHAP CHAP BROWN LAYERED CHAPATI 6PCS,12.00,3.00,8.00,3.00,1.00,5.00,8.00,4.00,3.00,6.00,4.00,2.00,7.00,5.00,,,43.00,28.00
,,SOKO CHAPO CHAP CHAP WHITE LAYERED CHAPATI 10PCS,23.00,0.00,-8.00,15.00,9.00,1.00,16.00,4.00,4.00,11.00,5.00,2.00,20.00,4.00,,,69.00,37.00
,,SOKO CHAPO CHAP CHAP WHITE LAYERED CHAPATI 6PCS,15.00,0.00,10.00,2.00,3.00,3.00,12.00,0.00,7.00,5.00,7.00,2.00,14.00,2.00,,,68.00,14.00
,MAJID AL FUTTAIM HYPERMARKETS LTD-RUNDA BRANCH Total,,67.00,9.00,6.00,31.00,22.00,10.00,52.00,12.00,13.00,32.00,18.00,9.00,52.00,20.00,,,230.00,123.00
,MAJID AL FUTTAIM HYPERMARKETS LTD-SARIT CENTRE,SOKO CHAPO CHAP CHAP BROWN LAYERED CHAPATI 10PCS,50.00,0.00,48.00,2.00,47.00,3.00,65.00,7.00,69.00,3.00,55.00,0.00,70.00,0.00,,,404.00,15.00
,,SOKO CHAPO CHAP CHAP BROWN LAYERED CHAPATI 6PCS,36.00,0.00,53.00,7.00,48.00,0.00,59.00,7.00,88.00,0.00,52.00,1.00,75.00,0.00,,,411.00,15.00
,,SOKO CHAPO CHAP CHAP WHITE LAYERED CHAPATI 10PCS,50.00,0.00,67.00,3.00,70.00,0.00,73.00,2.00,82.00,0.00,63.00,0.00,75.00,0.00,,,480.00,5.00
,,SOKO CHAPO CHAP CHAP WHITE LAYERED CHAPATI 6PCS,42.00,0.00,74.00,4.00,72.00,0.00,101.00,1.00,102.00,0.00,69.00,0.00,92.00,0.00,,,552.00,5.00
,MAJID AL FUTTAIM HYPERMARKETS LTD-SARIT CENTRE Total,,178.00,0.00,242.00,16.00,237.00,3.00,298.00,17.00,341.00,3.00,239.00,1.00,312.00,0.00,,,"1,847.00",40.00
,MAJID AL FUTTAIM HYPERMARKETS LTD-SOUTH FIELD MALL,SOKO CHAPO CHAP CHAP BROWN LAYERED CHAPATI 10PCS,3.00,12.00,0.00,10.00,-9.00,9.00,,,,,,,,,,,-6.00,31.00
,,SOKO CHAPO CHAP CHAP BROWN LAYERED CHAPATI 6PCS,2.00,4.00,6.00,0.00,-4.00,4.00,,,,,,,,,,,4.00,8.00
,,SOKO CHAPO CHAP CHAP WHITE LAYERED CHAPATI 10PCS,-4.00,9.00,14.00,6.00,-8.00,8.00,,,,,,,,,,,2.00,23.00
,,SOKO CHAPO CHAP CHAP WHITE LAYERED CHAPATI 6PCS,10.00,2.00,13.00,5.00,-2.00,2.00,,,,,,,,,,,21.00,9.00
,MAJID AL FUTTAIM HYPERMARKETS LTD-SOUTH FIELD MALL Total,,11.00,27.00,33.00,21.00,-23.00,23.00,,,,,,,,,,,21.00,71.00
,MAJID AL FUTTAIM HYPERMARKETS LTD-SPRING VALLEY BRANCH,SOKO CHAPO CHAP CHAP BROWN LAYERED CHAPATI 10PCS,10.00,0.00,-8.00,8.00,6.00,2.00,2.00,1.00,6.00,1.00,8.00,1.00,10.00,0.00,,,34.00,13.00
,,SOKO CHAPO CHAP CHAP BROWN LAYERED CHAPATI 6PCS,6.00,0.00,-4.00,4.00,6.00,2.00,2.00,1.00,7.00,0.00,6.00,0.00,8.00,1.00,,,31.00,8.00
,,SOKO CHAPO CHAP CHAP WHITE LAYERED CHAPATI 10PCS,10.00,0.00,-8.00,8.00,8.00,0.00,1.00,2.00,7.00,1.00,6.00,3.00,0.00,3.00,,,24.00,17.00
,,SOKO CHAPO CHAP CHAP WHITE LAYERED CHAPATI 6PCS,6.00,0.00,-2.00,2.00,5.00,3.00,2.00,1.00,3.00,4.00,7.00,2.00,8.00,1.00,,,29.00,13.00
,MAJID AL FUTTAIM HYPERMARKETS LTD-SPRING VALLEY BRANCH Total,,32.00,0.00,-22.00,22.00,25.00,7.00,7.00,5.00,23.00,6.00,27.00,6.00,26.00,5.00,,,118.00,51.00
,MAJID AL FUTTAIM HYPERMARKETS LTD-ST. ELLIES,SOKO CHAPO CHAP CHAP BROWN LAYERED CHAPATI 10PCS,19.00,1.00,1.00,9.00,-10.00,10.00,,,,,,,,,,,10.00,20.00
,,SOKO CHAPO CHAP CHAP BROWN LAYERED CHAPATI 6PCS,18.00,0.00,9.00,3.00,-6.00,12.00,-1.00,1.00,,,,,,,,,20.00,16.00
,,SOKO CHAPO CHAP CHAP WHITE LAYERED CHAPATI 10PCS,20.00,0.00,3.00,7.00,0.00,10.00,-3.00,3.00,,,,,,,,,20.00,20.00
,,SOKO CHAPO CHAP CHAP WHITE LAYERED CHAPATI 6PCS,24.00,0.00,3.00,9.00,-6.00,12.00,-3.00,3.00,,,,,,,,,18.00,24.00
,MAJID AL FUTTAIM HYPERMARKETS LTD-ST. ELLIES Total,,81.00,1.00,16.00,28.00,-22.00,44.00,-7.00,7.00,,,,,,,,,68.00,80.00
,MAJID AL FUTTAIM HYPERMARKETS LTD-THIKA ROAD MALL(TRM),SOKO CHAPO CHAP CHAP BROWN LAYERED CHAPATI 10PCS,40.00,20.00,35.00,17.00,34.00,16.00,35.00,25.00,32.00,12.00,44.00,1.00,26.00,24.00,,,246.00,115.00
,,SOKO CHAPO CHAP CHAP BROWN LAYERED CHAPATI 6PCS,33.00,9.00,43.00,5.00,58.00,2.00,66.00,15.00,64.00,0.00,60.00,0.00,72.00,6.00,,,396.00,37.00
,,SOKO CHAPO CHAP CHAP WHITE LAYERED CHAPATI 10PCS,90.00,0.00,64.00,16.00,80.00,0.00,86.00,14.00,81.00,9.00,65.00,0.00,65.00,5.00,,,531.00,44.00
,,SOKO CHAPO CHAP CHAP WHITE LAYERED CHAPATI 6PCS,71.00,1.00,63.00,17.00,93.00,15.00,139.00,3.00,108.00,4.00,75.00,0.00,81.00,3.00,,,630.00,43.00
,MAJID AL FUTTAIM HYPERMARKETS LTD-THIKA ROAD MALL(TRM) Total,,234.00,30.00,205.00,55.00,265.00,33.00,326.00,57.00,285.00,25.00,244.00,1.00,244.00,38.00,,,"1,803.00",239.00
,MAJID AL FUTTAIM HYPERMARKETS LTD-THOME ESTATE,SOKO CHAPO CHAP CHAP BROWN LAYERED CHAPATI 10PCS,,,,,,,,,,,,,20.00,0.00,,,20.00,0.00
,,SOKO CHAPO CHAP CHAP BROWN LAYERED CHAPATI 6PCS,,,,,,,,,,,,,12.00,0.00,,,12.00,0.00
,,SOKO CHAPO CHAP CHAP WHITE LAYERED CHAPATI 10PCS,,,,,,,,,,,,,20.00,0.00,,,20.00,0.00
,,SOKO CHAPO CHAP CHAP WHITE LAYERED CHAPATI 6PCS,,,,,,,,,,,,,12.00,0.00,,,12.00,0.00
,MAJID AL FUTTAIM HYPERMARKETS LTD-THOME ESTATE Total,,,,,,,,,,,,,,64.00,0.00,,,64.00,0.00
,MAJID AL FUTTAIM HYPERMARKETS LTD-TWO RIVERS BRANCH,SOKO CHAPO CHAP CHAP BROWN LAYERED CHAPATI 10PCS,39.00,1.00,50.00,0.00,50.00,1.00,43.00,8.00,67.00,3.00,70.00,5.00,64.00,6.00,,,383.00,24.00
,,SOKO CHAPO CHAP CHAP BROWN LAYERED CHAPATI 6PCS,24.00,0.00,46.00,0.00,35.00,6.00,41.00,23.00,63.00,21.00,41.00,7.00,70.00,14.00,,,320.00,71.00
,,SOKO CHAPO CHAP CHAP WHITE LAYERED CHAPATI 10PCS,40.00,0.00,80.00,0.00,46.00,4.00,86.00,19.00,68.00,12.00,75.00,0.00,87.00,3.00,,,482.00,38.00
,,SOKO CHAPO CHAP CHAP WHITE LAYERED CHAPATI 6PCS,24.00,0.00,72.00,0.00,72.00,0.00,75.00,13.00,72.00,12.00,53.00,7.00,95.00,1.00,,,463.00,33.00
,MAJID AL FUTTAIM HYPERMARKETS LTD-TWO RIVERS BRANCH Total,,127.00,1.00,248.00,0.00,203.00,11.00,245.00,63.00,270.00,48.00,239.00,19.00,316.00,24.00,,,"1,648.00",166.00
,MAJID AL FUTTAIM HYPERMARKETS LTD-VALLEY ARCADE BRANCH,SOKO CHAPO CHAP CHAP BROWN LAYERED CHAPATI 10PCS,5.00,23.00,-5.00,15.00,17.00,3.00,7.00,3.00,14.00,11.00,14.00,6.00,9.00,27.00,,,61.00,88.00
,,SOKO CHAPO CHAP CHAP BROWN LAYERED CHAPATI 6PCS,5.00,16.00,3.00,9.00,23.00,1.00,10.00,2.00,19.00,5.00,17.00,1.00,11.00,13.00,,,88.00,47.00
,,SOKO CHAPO CHAP CHAP WHITE LAYERED CHAPATI 10PCS,26.00,7.00,11.00,4.00,16.00,4.00,15.00,5.00,20.00,10.00,6.00,9.00,13.00,17.00,,,107.00,56.00
,,SOKO CHAPO CHAP CHAP WHITE LAYERED CHAPATI 6PCS,16.00,11.00,6.00,6.00,24.00,0.00,29.00,1.00,18.00,6.00,26.00,4.00,4.00,20.00,,,123.00,48.00
,MAJID AL FUTTAIM HYPERMARKETS LTD-VALLEY ARCADE BRANCH Total,,52.00,57.00,15.00,34.00,80.00,8.00,61.00,11.00,71.00,32.00,63.00,20.00,37.00,77.00,,,379.00,239.00
,MAJID AL FUTTAIM HYPERMARKETS LTD-VILLAGE MARKET,SOKO CHAPO CHAP CHAP BROWN LAYERED CHAPATI 10PCS,16.00,9.00,30.00,5.00,61.00,1.00,33.00,15.00,25.00,4.00,35.00,3.00,38.00,12.00,,,238.00,49.00
,,SOKO CHAPO CHAP CHAP BROWN LAYERED CHAPATI 6PCS,11.00,4.00,33.00,3.00,36.00,0.00,36.00,10.00,27.00,7.00,37.00,1.00,48.00,2.00,,,228.00,27.00
,,SOKO CHAPO CHAP CHAP WHITE LAYERED CHAPATI 10PCS,29.00,1.00,49.00,5.00,67.00,3.00,30.00,24.00,28.00,2.00,45.00,0.00,71.00,0.00,,,319.00,35.00
,,SOKO CHAPO CHAP CHAP WHITE LAYERED CHAPATI 6PCS,17.00,1.00,70.00,0.00,75.00,3.00,59.00,9.00,43.00,2.00,48.00,0.00,59.00,2.00,,,371.00,17.00
,MAJID AL FUTTAIM HYPERMARKETS LTD-VILLAGE MARKET Total,,73.00,15.00,182.00,13.00,239.00,7.00,158.00,58.00,123.00,15.00,165.00,4.00,216.00,16.00,,,"1,156.00",128.00
,MAJID AL FUTTAIM HYPERMARKETS LTD-WARIS MALL,SOKO CHAPO CHAP CHAP BROWN LAYERED CHAPATI 10PCS,20.00,8.00,16.00,17.00,-5.00,15.00,9.00,16.00,16.00,4.00,16.00,4.00,23.00,12.00,,,95.00,76.00
,,SOKO CHAPO CHAP CHAP BROWN LAYERED CHAPATI 6PCS,14.00,4.00,18.00,7.00,-3.00,9.00,19.00,5.00,17.00,7.00,18.00,4.00,17.00,7.00,,,100.00,43.00
,,SOKO CHAPO CHAP CHAP WHITE LAYERED CHAPATI 10PCS,22.00,6.00,21.00,12.00,-4.00,14.00,17.00,8.00,23.00,2.00,22.00,3.00,26.00,9.00,,,127.00,54.00
,,SOKO CHAPO CHAP CHAP WHITE LAYERED CHAPATI 6PCS,17.00,4.00,22.00,9.00,-3.00,9.00,27.00,0.00,18.00,6.00,19.00,3.00,21.00,3.00,,,121.00,34.00
,MAJID AL FUTTAIM HYPERMARKETS LTD-WARIS MALL Total,,73.00,22.00,77.00,45.00,-15.00,47.00,72.00,29.00,74.00,19.00,75.00,14.00,87.00,31.00,,,443.00,207.00
,MAJID AL FUTTAIM HYPERMARKETS LTD-WESTGATE BRANCH,SOKO CHAPO CHAP CHAP BROWN LAYERED CHAPATI 10PCS,21.00,9.00,1.00,19.00,16.00,4.00,-5.00,5.00,16.00,4.00,16.00,4.00,9.00,1.00,,,74.00,46.00
,,SOKO CHAPO CHAP CHAP BROWN LAYERED CHAPATI 6PCS,14.00,4.00,3.00,12.00,27.00,3.00,6.00,0.00,18.00,0.00,17.00,1.00,6.00,0.00,,,91.00,20.00
,,SOKO CHAPO CHAP CHAP WHITE LAYERED CHAPATI 10PCS,30.00,0.00,3.00,7.00,31.00,0.00,20.00,0.00,40.00,0.00,19.00,1.00,9.00,1.00,,,152.00,9.00
,,SOKO CHAPO CHAP CHAP WHITE LAYERED CHAPATI 6PCS,18.00,0.00,9.00,6.00,37.00,3.00,18.00,0.00,48.00,0.00,23.00,1.00,6.00,0.00,,,159.00,10.00
,MAJID AL FUTTAIM HYPERMARKETS LTD-WESTGATE BRANCH Total,,83.00,13.00,16.00,44.00,111.00,10.00,39.00,5.00,122.00,4.00,75.00,7.00,30.00,2.00,,,476.00,85.00
MAJID AL FUTTAIM HYPERMARKETS LTD Total,,,"2,288.00",323.00,"2,646.00",886.00,"3,034.00",562.00,"3,106.00",678.00,"3,200.00",627.00,"3,091.00",221.00,"3,635.00",513.00,,,"21,000.00","3,810.00"
NAIVAS LIMITED,NAIVAS LIMITED-AGA KHAN WALK,SOKO CHAPO CHAP CHAP BROWN LAYERED CHAPATI 10PCS,,,,,0.00,6.00,,,,,,,,,,,0.00,6.00
,,SOKO CHAPO CHAP CHAP BROWN LAYERED CHAPATI 6PCS,,,,,0.00,6.00,,,,,,,,,,,0.00,6.00
,,SOKO CHAPO CHAP CHAP WHITE LAYERED CHAPATI 10PCS,,,,,0.00,10.00,,,,,,,,,,,0.00,10.00
,,SOKO CHAPO CHAP CHAP WHITE LAYERED CHAPATI 6PCS,,,,,0.00,6.00,,,,,,,,,,,0.00,6.00
,NAIVAS LIMITED-AGA KHAN WALK Total,,,,,,0.00,28.00,,,,,,,,,,,0.00,28.00
,NAIVAS LIMITED-BURUBURU,SOKO CHAPO CHAP CHAP BROWN LAYERED CHAPATI 10PCS,12.00,3.00,4.00,6.00,16.00,2.00,5.00,8.00,3.00,7.00,8.00,0.00,6.00,4.00,,,54.00,30.00
,,SOKO CHAPO CHAP CHAP BROWN LAYERED CHAPATI 6PCS,21.00,0.00,10.00,4.00,24.00,0.00,11.00,5.00,12.00,2.00,14.00,0.00,9.00,3.00,,,101.00,14.00
,,SOKO CHAPO CHAP CHAP WHITE LAYERED CHAPATI 10PCS,11.00,3.00,7.00,4.00,28.00,3.00,14.00,2.00,15.00,3.00,13.00,0.00,6.00,5.00,,,94.00,20.00
,,SOKO CHAPO CHAP CHAP WHITE LAYERED CHAPATI 6PCS,25.00,0.00,14.00,6.00,31.00,2.00,28.00,0.00,24.00,0.00,18.00,0.00,9.00,3.00,,,149.00,11.00
,NAIVAS LIMITED-BURUBURU Total,,69.00,6.00,35.00,20.00,99.00,7.00,58.00,15.00,54.00,12.00,53.00,0.00,30.00,15.00,,,398.00,75.00
,NAIVAS LIMITED-CAPITAL CENTER,SOKO CHAPO CHAP CHAP BROWN LAYERED CHAPATI 10PCS,20.00,0.00,19.00,0.00,27.00,1.00,19.00,0.00,28.00,1.00,19.00,5.00,19.00,1.00,,,151.00,8.00
,,SOKO CHAPO CHAP CHAP BROWN LAYERED CHAPATI 6PCS,18.00,2.00,25.00,0.00,31.00,0.00,36.00,0.00,38.00,0.00,33.00,3.00,30.00,0.00,,,211.00,5.00
,,SOKO CHAPO CHAP CHAP WHITE LAYERED CHAPATI 10PCS,35.00,0.00,46.00,0.00,27.00,1.00,40.00,0.00,39.00,2.00,38.00,0.00,24.00,0.00,,,249.00,3.00
,,SOKO CHAPO CHAP CHAP WHITE LAYERED CHAPATI 6PCS,38.00,2.00,43.00,0.00,28.00,0.00,42.00,0.00,45.00,0.00,46.00,0.00,30.00,0.00,,,272.00,2.00
,NAIVAS LIMITED-CAPITAL CENTER Total,,111.00,4.00,133.00,0.00,113.00,2.00,137.00,0.00,150.00,3.00,136.00,8.00,103.00,1.00,,,883.00,18.00
,NAIVAS LIMITED-CIATA MALL KIAMBU ROAD,SOKO CHAPO CHAP CHAP BROWN LAYERED CHAPATI 10PCS,8.00,5.00,-1.00,11.00,9.00,1.00,8.00,0.00,6.00,1.00,15.00,1.00,14.00,2.00,,,59.00,21.00
,,SOKO CHAPO CHAP CHAP BROWN LAYERED CHAPATI 6PCS,8.00,5.00,3.00,8.00,9.00,2.00,9.00,0.00,5.00,2.00,15.00,0.00,8.00,6.00,,,57.00,23.00
,,SOKO CHAPO CHAP CHAP WHITE LAYERED CHAPATI 10PCS,14.00,2.00,17.00,5.00,16.00,3.00,20.00,1.00,10.00,6.00,20.00,5.00,26.00,0.00,,,123.00,22.00
,,SOKO CHAPO CHAP CHAP WHITE LAYERED CHAPATI 6PCS,10.00,6.00,16.00,6.00,23.00,0.00,17.00,0.00,18.00,0.00,24.00,1.00,17.00,2.00,,,125.00,15.00
,NAIVAS LIMITED-CIATA MALL KIAMBU ROAD Total,,40.00,18.00,35.00,30.00,57.00,6.00,54.00,1.00,39.00,9.00,74.00,7.00,65.00,10.00,,,364.00,81.00
,NAIVAS LIMITED-EMBAKASI NYAYO,SOKO CHAPO CHAP CHAP BROWN LAYERED CHAPATI 10PCS,6.00,3.00,5.00,1.00,8.00,1.00,8.00,5.00,10.00,2.00,8.00,2.00,8.00,3.00,,,53.00,17.00
,,SOKO CHAPO CHAP CHAP BROWN LAYERED CHAPATI 6PCS,-3.00,12.00,6.00,0.00,8.00,3.00,10.00,6.00,13.00,0.00,10.00,0.00,8.00,3.00,,,52.00,24.00
,,SOKO CHAPO CHAP CHAP WHITE LAYERED CHAPATI 10PCS,6.00,3.00,6.00,0.00,7.00,3.00,18.00,0.00,18.00,0.00,12.00,0.00,13.00,2.00,,,80.00,8.00
,,SOKO CHAPO CHAP CHAP WHITE LAYERED CHAPATI 6PCS,-1.00,7.00,6.00,0.00,16.00,0.00,20.00,0.00,18.00,0.00,12.00,0.00,13.00,2.00,,,84.00,9.00
,NAIVAS LIMITED-EMBAKASI NYAYO Total,,8.00,25.00,23.00,1.00,39.00,7.00,56.00,11.00,59.00,2.00,42.00,2.00,42.00,10.00,,,269.00,58.00
,NAIVAS LIMITED-GATEWAY MALL-SYOKIMAU,SOKO CHAPO CHAP CHAP BROWN LAYERED CHAPATI 10PCS,,,,,,,18.00,0.00,20.00,0.00,14.00,0.00,22.00,0.00,,,74.00,0.00
,,SOKO CHAPO CHAP CHAP BROWN LAYERED CHAPATI 6PCS,,,,,,,18.00,0.00,29.00,0.00,29.00,0.00,36.00,0.00,,,112.00,0.00
,,SOKO CHAPO CHAP CHAP WHITE LAYERED CHAPATI 10PCS,,,,,,,13.00,0.00,32.00,0.00,26.00,0.00,52.00,0.00,,,123.00,0.00
,,SOKO CHAPO CHAP CHAP WHITE LAYERED CHAPATI 6PCS,,,,,,,28.00,0.00,34.00,0.00,43.00,0.00,52.00,0.00,,,157.00,0.00
,NAIVAS LIMITED-GATEWAY MALL-SYOKIMAU Total,,,,,,,,77.00,0.00,115.00,0.00,112.00,0.00,162.00,0.00,,,466.00,0.00
,NAIVAS LIMITED-GITHURAI 44,SOKO CHAPO CHAP CHAP BROWN LAYERED CHAPATI 10PCS,,,,,,,6.00,0.00,5.00,4.00,3.00,2.00,-2.00,2.00,,,12.00,8.00
,,SOKO CHAPO CHAP CHAP BROWN LAYERED CHAPATI 6PCS,,,,,,,10.00,0.00,-1.00,9.00,9.00,0.00,5.00,0.00,,,23.00,9.00
,,SOKO CHAPO CHAP CHAP WHITE LAYERED CHAPATI 10PCS,,,,,,,13.00,0.00,-1.00,14.00,10.00,0.00,5.00,0.00,,,27.00,14.00
,,SOKO CHAPO CHAP CHAP WHITE LAYERED CHAPATI 6PCS,,,,,,,15.00,0.00,3.00,11.00,15.00,1.00,5.00,0.00,,,38.00,12.00
,NAIVAS LIMITED-GITHURAI 44 Total,,,,,,,,44.00,0.00,6.00,38.00,37.00,3.00,13.00,2.00,,,100.00,43.00
,NAIVAS LIMITED-GREENHOUSE,SOKO CHAPO CHAP CHAP BROWN LAYERED CHAPATI 10PCS,,,,,,,4.00,0.00,3.00,4.00,7.00,2.00,6.00,2.00,,,20.00,8.00
,,SOKO CHAPO CHAP CHAP BROWN LAYERED CHAPATI 6PCS,,,,,,,5.00,0.00,5.00,2.00,11.00,2.00,8.00,1.00,,,29.00,5.00
,,SOKO CHAPO CHAP CHAP WHITE LAYERED CHAPATI 10PCS,,,,,,,12.00,0.00,0.00,10.00,12.00,2.00,7.00,2.00,,,31.00,14.00
,,SOKO CHAPO CHAP CHAP WHITE LAYERED CHAPATI 6PCS,,,,,,,20.00,0.00,6.00,8.00,18.00,0.00,9.00,1.00,,,53.00,9.00
,NAIVAS LIMITED-GREENHOUSE Total,,,,,,,,41.00,0.00,14.00,24.00,48.00,6.00,30.00,6.00,,,133.00,36.00
,NAIVAS LIMITED-GREENSPAN,SOKO CHAPO CHAP CHAP BROWN LAYERED CHAPATI 10PCS,27.00,0.00,16.00,3.00,29.00,0.00,26.00,0.00,20.00,3.00,17.00,0.00,23.00,0.00,,,158.00,6.00
,,SOKO CHAPO CHAP CHAP BROWN LAYERED CHAPATI 6PCS,34.00,0.00,20.00,0.00,30.00,0.00,48.00,0.00,30.00,0.00,23.00,0.00,38.00,0.00,,,223.00,0.00
,,SOKO CHAPO CHAP CHAP WHITE LAYERED CHAPATI 10PCS,46.00,1.00,23.00,6.00,37.00,2.00,37.00,0.00,33.00,0.00,27.00,0.00,39.00,0.00,,,242.00,9.00
,,SOKO CHAPO CHAP CHAP WHITE LAYERED CHAPATI 6PCS,47.00,0.00,27.00,4.00,40.00,3.00,66.00,0.00,37.00,0.00,37.00,0.00,48.00,0.00,,,302.00,7.00
,NAIVAS LIMITED-GREENSPAN Total,,154.00,1.00,86.00,13.00,136.00,5.00,177.00,0.00,120.00,3.00,104.00,0.00,148.00,0.00,,,925.00,22.00
,NAIVAS LIMITED-HEAD OFFICE (HQ),SOKO CHAPO CHAP CHAP BROWN LAYERED CHAPATI 10PCS,,,,,,,,,,,,,-1.00,1.00,,,-1.00,1.00
,NAIVAS LIMITED-HEAD OFFICE (HQ) Total,,,,,,,,,,,,,,-1.00,1.00,,,-1.00,1.00
,NAIVAS LIMITED-HOMEGROUND,SOKO CHAPO CHAP CHAP BROWN LAYERED CHAPATI 6PCS,,,,,,,14.00,0.00,6.00,3.00,3.00,6.00,10.00,1.00,,,33.00,10.00
,,SOKO CHAPO CHAP CHAP WHITE LAYERED CHAPATI 6PCS,,,,,,,10.00,0.00,11.00,1.00,9.00,2.00,18.00,0.00,,,48.00,3.00
,NAIVAS LIMITED-HOMEGROUND Total,,,,,,,,24.00,0.00,17.00,4.00,12.00,8.00,28.00,1.00,,,81.00,13.00
,NAIVAS LIMITED-IMARA DAIMA,SOKO CHAPO CHAP CHAP BROWN LAYERED CHAPATI 10PCS,8.00,4.00,12.00,0.00,12.00,4.00,15.00,6.00,14.00,4.00,11.00,0.00,17.00,3.00,,,89.00,21.00
,,SOKO CHAPO CHAP CHAP BROWN LAYERED CHAPATI 6PCS,15.00,3.00,12.00,0.00,15.00,3.00,26.00,3.00,20.00,1.00,27.00,0.00,24.00,2.00,,,139.00,12.00
,,SOKO CHAPO CHAP CHAP WHITE LAYERED CHAPATI 10PCS,15.00,0.00,12.00,0.00,29.00,0.00,34.00,1.00,36.00,0.00,34.00,0.00,39.00,0.00,,,199.00,1.00
,,SOKO CHAPO CHAP CHAP WHITE LAYERED CHAPATI 6PCS,21.00,0.00,14.00,1.00,28.00,0.00,39.00,0.00,45.00,0.00,34.00,0.00,35.00,0.00,,,216.00,1.00
,NAIVAS LIMITED-IMARA DAIMA Total,,59.00,7.00,50.00,1.00,84.00,7.00,114.00,10.00,115.00,5.00,106.00,0.00,115.00,5.00,,,643.00,35.00
,NAIVAS LIMITED-JUJA CITY,SOKO CHAPO CHAP CHAP BROWN LAYERED CHAPATI 10PCS,0.00,18.00,1.00,2.00,0.00,2.00,2.00,0.00,4.00,2.00,4.00,0.00,8.00,0.00,,,19.00,24.00
,,SOKO CHAPO CHAP CHAP BROWN LAYERED CHAPATI 6PCS,15.00,5.00,7.00,4.00,5.00,4.00,8.00,2.00,12.00,0.00,7.00,0.00,14.00,0.00,,,68.00,15.00
,,SOKO CHAPO CHAP CHAP WHITE LAYERED CHAPATI 10PCS,12.00,6.00,5.00,4.00,7.00,3.00,9.00,0.00,6.00,0.00,8.00,0.00,12.00,0.00,,,59.00,13.00
,,SOKO CHAPO CHAP CHAP WHITE LAYERED CHAPATI 6PCS,16.00,4.00,8.00,4.00,9.00,4.00,15.00,0.00,16.00,0.00,9.00,0.00,15.00,0.00,,,88.00,12.00
,NAIVAS LIMITED-JUJA CITY Total,,43.00,33.00,21.00,14.00,21.00,13.00,34.00,2.00,38.00,2.00,28.00,0.00,49.00,0.00,,,234.00,64.00
,NAIVAS LIMITED-KAHAWA SUKARI,SOKO CHAPO CHAP CHAP BROWN LAYERED CHAPATI 10PCS,29.00,1.00,21.00,9.00,32.00,1.00,32.00,3.00,36.00,0.00,18.00,5.00,37.00,0.00,,,205.00,19.00
,,SOKO CHAPO CHAP CHAP BROWN LAYERED CHAPATI 6PCS,29.00,1.00,22.00,8.00,29.00,1.00,43.00,0.00,38.00,0.00,23.00,1.00,46.00,0.00,,,230.00,11.00
,,SOKO CHAPO CHAP CHAP WHITE LAYERED CHAPATI 10PCS,47.00,0.00,35.00,7.00,49.00,0.00,45.00,0.00,53.00,0.00,28.00,3.00,48.00,0.00,,,305.00,10.00
,,SOKO CHAPO CHAP CHAP WHITE LAYERED CHAPATI 6PCS,54.00,0.00,37.00,5.00,47.00,0.00,55.00,0.00,53.00,0.00,33.00,4.00,46.00,0.00,,,325.00,9.00
,NAIVAS LIMITED-KAHAWA SUKARI Total,,159.00,2.00,115.00,29.00,157.00,2.00,175.00,3.00,180.00,0.00,102.00,13.00,177.00,0.00,,,"1,065.00",49.00
,NAIVAS LIMITED-KASARANI,SOKO CHAPO CHAP CHAP BROWN LAYERED CHAPATI 6PCS,,,,,,,9.00,0.00,12.00,0.00,6.00,3.00,17.00,1.00,,,44.00,4.00
,,SOKO CHAPO CHAP CHAP WHITE LAYERED CHAPATI 10PCS,,,,,,,,,,,,,2.00,0.00,,,2.00,0.00
,,SOKO CHAPO CHAP CHAP WHITE LAYERED CHAPATI 6PCS,,,,,,,12.00,0.00,24.00,0.00,12.00,6.00,17.00,4.00,,,65.00,10.00
,NAIVAS LIMITED-KASARANI Total,,,,,,,,21.00,0.00,36.00,0.00,18.00,9.00,36.00,5.00,,,111.00,14.00
,NAIVAS LIMITED-KATANI ROAD,SOKO CHAPO CHAP CHAP BROWN LAYERED CHAPATI 10PCS,4.00,2.00,6.00,3.00,4.00,3.00,8.00,4.00,4.00,1.00,4.00,0.00,10.00,0.00,,,40.00,13.00
,,SOKO CHAPO CHAP CHAP BROWN LAYERED CHAPATI 6PCS,4.00,2.00,1.00,8.00,11.00,0.00,10.00,2.00,4.00,1.00,5.00,0.00,7.00,1.00,,,42.00,14.00
,,SOKO CHAPO CHAP CHAP WHITE LAYERED CHAPATI 10PCS,6.00,0.00,6.00,3.00,13.00,1.00,12.00,0.00,9.00,0.00,6.00,0.00,10.00,0.00,,,62.00,4.00
,,SOKO CHAPO CHAP CHAP WHITE LAYERED CHAPATI 6PCS,3.00,3.00,9.00,0.00,13.00,1.00,12.00,0.00,9.00,0.00,7.00,0.00,6.00,0.00,,,59.00,4.00
,NAIVAS LIMITED-KATANI ROAD Total,,17.00,7.00,22.00,14.00,41.00,5.00,42.00,6.00,26.00,2.00,22.00,0.00,33.00,1.00,,,203.00,35.00
,NAIVAS LIMITED-KILIMANI,SOKO CHAPO CHAP CHAP BROWN LAYERED CHAPATI 10PCS,4.00,5.00,9.00,4.00,6.00,5.00,13.00,2.00,12.00,1.00,18.00,0.00,26.00,3.00,,,88.00,20.00
,,SOKO CHAPO CHAP CHAP BROWN LAYERED CHAPATI 6PCS,5.00,4.00,11.00,2.00,13.00,1.00,14.00,1.00,13.00,0.00,20.00,0.00,33.00,0.00,,,109.00,8.00
,,SOKO CHAPO CHAP CHAP WHITE LAYERED CHAPATI 10PCS,11.00,5.00,17.00,6.00,20.00,1.00,24.00,2.00,34.00,0.00,30.00,0.00,38.00,0.00,,,174.00,14.00
,,SOKO CHAPO CHAP CHAP WHITE LAYERED CHAPATI 6PCS,15.00,1.00,18.00,5.00,25.00,0.00,30.00,0.00,44.00,0.00,40.00,0.00,43.00,0.00,,,215.00,6.00
,NAIVAS LIMITED-KILIMANI Total,,35.00,15.00,55.00,17.00,64.00,7.00,81.00,5.00,103.00,1.00,108.00,0.00,140.00,3.00,,,586.00,48.00
,NAIVAS LIMITED-KINGARA ROAD,SOKO CHAPO CHAP CHAP BROWN LAYERED CHAPATI 10PCS,11.00,6.00,18.00,1.00,8.00,10.00,21.00,3.00,16.00,2.00,21.00,0.00,26.00,0.00,,,121.00,22.00
,,SOKO CHAPO CHAP CHAP BROWN LAYERED CHAPATI 6PCS,13.00,4.00,15.00,1.00,17.00,4.00,23.00,2.00,21.00,0.00,21.00,0.00,26.00,0.00,,,136.00,11.00
,,SOKO CHAPO CHAP CHAP WHITE LAYERED CHAPATI 10PCS,34.00,8.00,22.00,10.00,12.00,13.00,41.00,0.00,32.00,0.00,37.00,0.00,36.00,0.00,,,214.00,31.00
,,SOKO CHAPO CHAP CHAP WHITE LAYERED CHAPATI 6PCS,35.00,5.00,24.00,9.00,24.00,8.00,43.00,0.00,40.00,0.00,40.00,0.00,44.00,0.00,,,250.00,22.00
,NAIVAS LIMITED-KINGARA ROAD Total,,93.00,23.00,79.00,21.00,61.00,35.00,128.00,5.00,109.00,2.00,119.00,0.00,132.00,0.00,,,721.00,86.00
,NAIVAS LIMITED-KITENGELA MALL,SOKO CHAPO CHAP CHAP BROWN LAYERED CHAPATI 10PCS,11.00,0.00,9.00,6.00,11.00,8.00,18.00,6.00,6.00,5.00,7.00,5.00,12.00,5.00,,,74.00,35.00
,,SOKO CHAPO CHAP CHAP BROWN LAYERED CHAPATI 6PCS,11.00,0.00,9.00,6.00,19.00,2.00,15.00,7.00,22.00,0.00,10.00,2.00,21.00,4.00,,,107.00,21.00
,,SOKO CHAPO CHAP CHAP WHITE LAYERED CHAPATI 10PCS,15.00,0.00,17.00,0.00,37.00,0.00,21.00,4.00,27.00,0.00,23.00,0.00,26.00,0.00,,,166.00,4.00
,,SOKO CHAPO CHAP CHAP WHITE LAYERED CHAPATI 6PCS,15.00,0.00,14.00,3.00,39.00,0.00,21.00,5.00,27.00,0.00,23.00,0.00,33.00,0.00,,,172.00,8.00
,NAIVAS LIMITED-KITENGELA MALL Total,,52.00,0.00,49.00,15.00,106.00,10.00,75.00,22.00,82.00,5.00,63.00,7.00,92.00,9.00,,,519.00,68.00
,NAIVAS LIMITED-LANGATA,SOKO CHAPO CHAP CHAP BROWN LAYERED CHAPATI 10PCS,17.00,5.00,2.00,8.00,2.00,6.00,16.00,0.00,8.00,7.00,12.00,0.00,8.00,0.00,,,65.00,26.00
,,SOKO CHAPO CHAP CHAP BROWN LAYERED CHAPATI 6PCS,14.00,8.00,2.00,8.00,9.00,2.00,17.00,0.00,9.00,8.00,14.00,0.00,10.00,0.00,,,75.00,26.00
,,SOKO CHAPO CHAP CHAP WHITE LAYERED CHAPATI 10PCS,21.00,1.00,11.00,0.00,10.00,3.00,22.00,0.00,18.00,4.00,17.00,0.00,10.00,0.00,,,109.00,8.00
,,SOKO CHAPO CHAP CHAP WHITE LAYERED CHAPATI 6PCS,17.00,5.00,11.00,0.00,13.00,0.00,23.00,0.00,18.00,6.00,18.00,0.00,10.00,0.00,,,110.00,11.00
,NAIVAS LIMITED-LANGATA Total,,69.00,19.00,26.00,16.00,34.00,11.00,78.00,0.00,53.00,25.00,61.00,0.00,38.00,0.00,,,359.00,71.00
,NAIVAS LIMITED-LANGATA MEDLINK,SOKO CHAPO CHAP CHAP BROWN LAYERED CHAPATI 10PCS,21.00,3.00,4.00,6.00,17.00,0.00,19.00,3.00,11.00,7.00,16.00,0.00,13.00,3.00,,,101.00,22.00
,,SOKO CHAPO CHAP CHAP BROWN LAYERED CHAPATI 6PCS,27.00,0.00,4.00,6.00,21.00,0.00,25.00,1.00,17.00,7.00,14.00,1.00,19.00,2.00,,,127.00,17.00
,,SOKO CHAPO CHAP CHAP WHITE LAYERED CHAPATI 10PCS,27.00,0.00,6.00,5.00,29.00,1.00,31.00,0.00,15.00,2.00,21.00,0.00,15.00,5.00,,,144.00,13.00
,,SOKO CHAPO CHAP CHAP WHITE LAYERED CHAPATI 6PCS,27.00,0.00,12.00,0.00,27.00,0.00,33.00,0.00,24.00,0.00,21.00,0.00,28.00,0.00,,,172.00,0.00
,NAIVAS LIMITED-LANGATA MEDLINK Total,,102.00,3.00,26.00,17.00,94.00,1.00,108.00,4.00,67.00,16.00,72.00,1.00,75.00,10.00,,,544.00,52.00
,NAIVAS LIMITED-LAVINGTON CURVE,SOKO CHAPO CHAP CHAP BROWN LAYERED CHAPATI 10PCS,0.00,2.00,-2.00,4.00,3.00,1.00,1.00,3.00,2.00,2.00,4.00,0.00,6.00,3.00,,,14.00,15.00
,,SOKO CHAPO CHAP CHAP BROWN LAYERED CHAPATI 6PCS,0.00,2.00,5.00,1.00,7.00,2.00,4.00,0.00,4.00,0.00,6.00,0.00,7.00,2.00,,,33.00,7.00
,,SOKO CHAPO CHAP CHAP WHITE LAYERED CHAPATI 10PCS,0.00,2.00,0.00,6.00,10.00,1.00,2.00,5.00,6.00,2.00,9.00,0.00,3.00,4.00,,,30.00,20.00
,,SOKO CHAPO CHAP CHAP WHITE LAYERED CHAPATI 6PCS,3.00,0.00,3.00,4.00,12.00,0.00,8.00,0.00,4.00,3.00,8.00,0.00,5.00,5.00,,,43.00,12.00
,NAIVAS LIMITED-LAVINGTON CURVE Total,,3.00,6.00,6.00,15.00,32.00,4.00,15.00,8.00,16.00,7.00,27.00,0.00,21.00,14.00,,,120.00,54.00
,NAIVAS LIMITED-MAIYAN MALL RONGAI,SOKO CHAPO CHAP CHAP BROWN LAYERED CHAPATI 6PCS,,,,,,,17.00,0.00,15.00,3.00,18.00,0.00,20.00,0.00,,,70.00,3.00
,,SOKO CHAPO CHAP CHAP WHITE LAYERED CHAPATI 6PCS,,,,,,,17.00,0.00,18.00,0.00,22.00,0.00,20.00,0.00,,,77.00,0.00
,NAIVAS LIMITED-MAIYAN MALL RONGAI Total,,,,,,,,34.00,0.00,33.00,3.00,40.00,0.00,40.00,0.00,,,147.00,3.00
,NAIVAS LIMITED-MAVOKO EXPRESS,SOKO CHAPO CHAP CHAP BROWN LAYERED CHAPATI 10PCS,,,,,,,5.00,0.00,6.00,0.00,5.00,1.00,3.00,0.00,,,19.00,1.00
,,SOKO CHAPO CHAP CHAP BROWN LAYERED CHAPATI 6PCS,,,,,,,10.00,0.00,8.00,0.00,6.00,0.00,3.00,0.00,,,27.00,0.00
,,SOKO CHAPO CHAP CHAP WHITE LAYERED CHAPATI 10PCS,,,,,,,10.00,0.00,12.00,0.00,7.00,4.00,5.00,1.00,,,34.00,5.00
,,SOKO CHAPO CHAP CHAP WHITE LAYERED CHAPATI 6PCS,,,,,,,15.00,0.00,12.00,0.00,11.00,0.00,5.00,1.00,,,43.00,1.00
,NAIVAS LIMITED-MAVOKO EXPRESS Total,,,,,,,,40.00,0.00,38.00,0.00,29.00,5.00,16.00,2.00,,,123.00,7.00
,NAIVAS LIMITED-MOUNTAIN MALL,SOKO CHAPO CHAP CHAP BROWN LAYERED CHAPATI 10PCS,11.00,3.00,8.00,5.00,5.00,4.00,13.00,4.00,14.00,0.00,9.00,4.00,10.00,3.00,,,70.00,23.00
,,SOKO CHAPO CHAP CHAP BROWN LAYERED CHAPATI 6PCS,11.00,3.00,11.00,2.00,9.00,1.00,12.00,4.00,15.00,2.00,7.00,4.00,5.00,4.00,,,70.00,20.00
,,SOKO CHAPO CHAP CHAP WHITE LAYERED CHAPATI 10PCS,16.00,1.00,9.00,4.00,11.00,0.00,22.00,1.00,9.00,8.00,19.00,1.00,12.00,0.00,,,98.00,15.00
,,SOKO CHAPO CHAP CHAP WHITE LAYERED CHAPATI 6PCS,18.00,0.00,9.00,4.00,18.00,0.00,29.00,0.00,20.00,0.00,18.00,1.00,15.00,0.00,,,127.00,5.00
,NAIVAS LIMITED-MOUNTAIN MALL Total,,56.00,7.00,37.00,15.00,43.00,5.00,76.00,9.00,58.00,10.00,53.00,10.00,42.00,7.00,,,365.00,63.00
,NAIVAS LIMITED-MOUNTAIN VIEW,SOKO CHAPO CHAP CHAP BROWN LAYERED CHAPATI 10PCS,20.00,0.00,17.00,5.00,20.00,2.00,18.00,9.00,19.00,0.00,22.00,1.00,21.00,1.00,,,137.00,18.00
,,SOKO CHAPO CHAP CHAP BROWN LAYERED CHAPATI 6PCS,34.00,0.00,19.00,4.00,27.00,0.00,20.00,3.00,22.00,0.00,30.00,0.00,27.00,0.00,,,179.00,7.00
,,SOKO CHAPO CHAP CHAP WHITE LAYERED CHAPATI 10PCS,33.00,5.00,39.00,3.00,30.00,0.00,28.00,5.00,18.00,7.00,33.00,0.00,22.00,0.00,,,203.00,20.00
,,SOKO CHAPO CHAP CHAP WHITE LAYERED CHAPATI 6PCS,46.00,0.00,40.00,0.00,35.00,0.00,33.00,0.00,29.00,0.00,33.00,0.00,32.00,0.00,,,248.00,0.00
,NAIVAS LIMITED-MOUNTAIN VIEW Total,,133.00,5.00,115.00,12.00,112.00,2.00,99.00,17.00,88.00,7.00,118.00,1.00,102.00,1.00,,,767.00,45.00
,NAIVAS LIMITED-NAIROBI WEST,SOKO CHAPO CHAP CHAP BROWN LAYERED CHAPATI 10PCS,23.00,1.00,18.00,8.00,25.00,5.00,8.00,10.00,17.00,3.00,26.00,4.00,7.00,3.00,,,124.00,34.00
,,SOKO CHAPO CHAP CHAP BROWN LAYERED CHAPATI 6PCS,29.00,1.00,16.00,3.00,40.00,0.00,28.00,0.00,31.00,4.00,28.00,8.00,28.00,8.00,,,200.00,24.00
,,SOKO CHAPO CHAP CHAP WHITE LAYERED CHAPATI 10PCS,22.00,0.00,29.00,1.00,58.00,0.00,29.00,0.00,29.00,6.00,46.00,1.00,21.00,3.00,,,234.00,11.00
,,SOKO CHAPO CHAP CHAP WHITE LAYERED CHAPATI 6PCS,28.00,0.00,30.00,0.00,59.00,0.00,46.00,1.00,47.00,0.00,57.00,0.00,31.00,0.00,,,298.00,1.00
,NAIVAS LIMITED-NAIROBI WEST Total,,102.00,2.00,93.00,12.00,182.00,5.00,111.00,11.00,124.00,13.00,157.00,13.00,87.00,14.00,,,856.00,70.00
,NAIVAS LIMITED-NEW GATE MALL KAMAKIS,SOKO CHAPO CHAP CHAP BROWN LAYERED CHAPATI 10PCS,,,,,,,,,,,12.00,0.00,10.00,4.00,,,22.00,4.00
,,SOKO CHAPO CHAP CHAP BROWN LAYERED CHAPATI 6PCS,,,,,,,,,,,14.00,0.00,15.00,0.00,,,29.00,0.00
,,SOKO CHAPO CHAP CHAP WHITE LAYERED CHAPATI 10PCS,,,,,,,,,,,24.00,0.00,18.00,2.00,,,42.00,2.00
,,SOKO CHAPO CHAP CHAP WHITE LAYERED CHAPATI 6PCS,,,,,,,,,,,22.00,0.00,26.00,0.00,,,48.00,0.00
,NAIVAS LIMITED-NEW GATE MALL KAMAKIS Total,,,,,,,,,,,,72.00,0.00,69.00,6.00,,,141.00,6.00
,NAIVAS LIMITED-OJIJO ROAD,SOKO CHAPO CHAP CHAP BROWN LAYERED CHAPATI 10PCS,6.00,20.00,14.00,9.00,22.00,8.00,20.00,8.00,16.00,7.00,25.00,1.00,10.00,14.00,,,113.00,67.00
,,SOKO CHAPO CHAP CHAP BROWN LAYERED CHAPATI 6PCS,24.00,8.00,24.00,2.00,44.00,0.00,58.00,0.00,31.00,11.00,28.00,0.00,4.00,12.00,,,213.00,33.00
,,SOKO CHAPO CHAP CHAP WHITE LAYERED CHAPATI 10PCS,27.00,7.00,22.00,8.00,34.00,6.00,22.00,9.00,27.00,4.00,27.00,5.00,20.00,10.00,,,179.00,49.00
,,SOKO CHAPO CHAP CHAP WHITE LAYERED CHAPATI 6PCS,35.00,5.00,26.00,6.00,44.00,4.00,38.00,3.00,33.00,5.00,29.00,1.00,14.00,2.00,,,219.00,26.00
,NAIVAS LIMITED-OJIJO ROAD Total,,92.00,40.00,86.00,25.00,144.00,18.00,138.00,20.00,107.00,27.00,109.00,7.00,48.00,38.00,,,724.00,175.00
,NAIVAS LIMITED-ONE STOP KAREN,SOKO CHAPO CHAP CHAP BROWN LAYERED CHAPATI 10PCS,,,,,,,,,22.00,0.00,10.00,0.00,3.00,10.00,,,35.00,10.00
,,SOKO CHAPO CHAP CHAP BROWN LAYERED CHAPATI 6PCS,,,,,,,,,18.00,0.00,8.00,0.00,-1.00,11.00,,,25.00,11.00
,,SOKO CHAPO CHAP CHAP WHITE LAYERED CHAPATI 10PCS,,,,,,,,,23.00,0.00,17.00,0.00,18.00,4.00,,,58.00,4.00
,,SOKO CHAPO CHAP CHAP WHITE LAYERED CHAPATI 6PCS,,,,,,,,,18.00,0.00,12.00,0.00,12.00,5.00,,,42.00,5.00
,NAIVAS LIMITED-ONE STOP KAREN Total,,,,,,,,,,81.00,0.00,47.00,0.00,32.00,30.00,,,160.00,30.00
,NAIVAS LIMITED-PRESTIGE,SOKO CHAPO CHAP CHAP BROWN LAYERED CHAPATI 10PCS,24.00,6.00,15.00,5.00,21.00,4.00,22.00,0.00,23.00,0.00,23.00,0.00,29.00,0.00,,,157.00,15.00
,,SOKO CHAPO CHAP CHAP BROWN LAYERED CHAPATI 6PCS,39.00,1.00,14.00,2.00,40.00,0.00,48.00,0.00,35.00,1.00,38.00,0.00,48.00,0.00,,,262.00,4.00
,,SOKO CHAPO CHAP CHAP WHITE LAYERED CHAPATI 10PCS,28.00,2.00,26.00,0.00,39.00,1.00,43.00,0.00,39.00,1.00,40.00,0.00,48.00,0.00,,,263.00,4.00
,,SOKO CHAPO CHAP CHAP WHITE LAYERED CHAPATI 6PCS,37.00,3.00,27.00,0.00,39.00,1.00,54.00,0.00,43.00,3.00,50.00,0.00,70.00,0.00,,,320.00,7.00
,NAIVAS LIMITED-PRESTIGE Total,,128.00,12.00,82.00,7.00,139.00,6.00,167.00,0.00,140.00,5.00,151.00,0.00,195.00,0.00,,,"1,002.00",30.00
,NAIVAS LIMITED-RIRONI BRANCH,SOKO CHAPO CHAP CHAP BROWN LAYERED CHAPATI 10PCS,,,,,,,16.00,0.00,1.00,4.00,-1.00,5.00,3.00,3.00,,,19.00,12.00
,,SOKO CHAPO CHAP CHAP BROWN LAYERED CHAPATI 6PCS,,,,,,,16.00,0.00,5.00,3.00,-1.00,5.00,3.00,5.00,,,23.00,13.00
,,SOKO CHAPO CHAP CHAP WHITE LAYERED CHAPATI 10PCS,,,,,,,16.00,0.00,6.00,3.00,1.00,3.00,6.00,2.00,,,29.00,8.00
,,SOKO CHAPO CHAP CHAP WHITE LAYERED CHAPATI 6PCS,,,,,,,16.00,0.00,7.00,2.00,0.00,6.00,7.00,3.00,,,30.00,11.00
,NAIVAS LIMITED-RIRONI BRANCH Total,,,,,,,,64.00,0.00,19.00,12.00,-1.00,19.00,19.00,13.00,,,101.00,44.00
,NAIVAS LIMITED-RIRUTA,SOKO CHAPO CHAP CHAP BROWN LAYERED CHAPATI 10PCS,,,,,,,,,13.00,5.00,20.00,0.00,20.00,2.00,,,53.00,7.00
,,SOKO CHAPO CHAP CHAP BROWN LAYERED CHAPATI 6PCS,,,,,,,5.00,0.00,20.00,4.00,25.00,1.00,16.00,10.00,,,66.00,15.00
,,SOKO CHAPO CHAP CHAP WHITE LAYERED CHAPATI 10PCS,,,,,,,,,22.00,3.00,24.00,0.00,28.00,2.00,,,74.00,5.00
,,SOKO CHAPO CHAP CHAP WHITE LAYERED CHAPATI 6PCS,,,,,,,5.00,0.00,44.00,0.00,37.00,0.00,38.00,2.00,,,124.00,2.00
,NAIVAS LIMITED-RIRUTA Total,,,,,,,,10.00,0.00,99.00,12.00,106.00,1.00,102.00,16.00,,,317.00,29.00
,NAIVAS LIMITED-RUAI,SOKO CHAPO CHAP CHAP BROWN LAYERED CHAPATI 10PCS,,,,,,,9.00,0.00,-2.00,4.00,4.00,0.00,7.00,0.00,,,18.00,4.00
,,SOKO CHAPO CHAP CHAP BROWN LAYERED CHAPATI 6PCS,,,,,,,9.00,0.00,0.00,3.00,5.00,0.00,8.00,0.00,,,22.00,3.00
,,SOKO CHAPO CHAP CHAP WHITE LAYERED CHAPATI 10PCS,,,,,,,16.00,0.00,0.00,4.00,7.00,0.00,8.00,2.00,,,31.00,6.00
,,SOKO CHAPO CHAP CHAP WHITE LAYERED CHAPATI 6PCS,,,,,,,20.00,0.00,-5.00,9.00,12.00,0.00,5.00,4.00,,,32.00,13.00
,NAIVAS LIMITED-RUAI Total,,,,,,,,54.00,0.00,-7.00,20.00,28.00,0.00,28.00,6.00,,,103.00,26.00
,NAIVAS LIMITED-RUAKA,SOKO CHAPO CHAP CHAP BROWN LAYERED CHAPATI 10PCS,,,,,,,15.00,5.00,4.00,4.00,16.00,0.00,2.00,3.00,,,37.00,12.00
,,SOKO CHAPO CHAP CHAP BROWN LAYERED CHAPATI 6PCS,,,,,,,15.00,5.00,12.00,3.00,20.00,0.00,6.00,5.00,,,53.00,13.00
,,SOKO CHAPO CHAP CHAP WHITE LAYERED CHAPATI 10PCS,,,,,,,25.00,0.00,11.00,5.00,25.00,0.00,15.00,0.00,,,76.00,5.00
,,SOKO CHAPO CHAP CHAP WHITE LAYERED CHAPATI 6PCS,,,,,,,25.00,0.00,27.00,0.00,31.00,2.00,22.00,0.00,,,105.00,2.00
,NAIVAS LIMITED-RUAKA Total,,,,,,,,80.00,10.00,54.00,12.00,92.00,2.00,45.00,8.00,,,271.00,32.00
,NAIVAS LIMITED-RUARAKA,SOKO CHAPO CHAP CHAP BROWN LAYERED CHAPATI 10PCS,,,,,,,,,0.00,5.00,-1.00,1.00,-1.00,1.00,,,-2.00,7.00
,,SOKO CHAPO CHAP CHAP BROWN LAYERED CHAPATI 6PCS,,,,,,,,,0.00,5.00,,,,,,,0.00,5.00
,,SOKO CHAPO CHAP CHAP WHITE LAYERED CHAPATI 10PCS,,,,,,,,,0.00,10.00,,,,,,,0.00,10.00
,,SOKO CHAPO CHAP CHAP WHITE LAYERED CHAPATI 6PCS,,,,,,,,,0.00,10.00,,,,,,,0.00,10.00
,NAIVAS LIMITED-RUARAKA Total,,,,,,,,,,0.00,30.00,-1.00,1.00,-1.00,1.00,,,-2.00,32.00
,NAIVAS LIMITED-SHELL BARAKA,SOKO CHAPO CHAP CHAP BROWN LAYERED CHAPATI 10PCS,,,,,,,,,,,0.00,3.00,,,,,0.00,3.00
,,SOKO CHAPO CHAP CHAP BROWN LAYERED CHAPATI 6PCS,,,,,,,,,,,0.00,3.00,,,,,0.00,3.00
,,SOKO CHAPO CHAP CHAP WHITE LAYERED CHAPATI 10PCS,,,,,,,,,,,0.00,5.00,,,,,0.00,5.00
,,SOKO CHAPO CHAP CHAP WHITE LAYERED CHAPATI 6PCS,,,,,,,,,,,0.00,5.00,,,,,0.00,5.00
,NAIVAS LIMITED-SHELL BARAKA Total,,,,,,,,,,,,0.00,16.00,,,,,0.00,16.00
,NAIVAS LIMITED-SHELL SURVEY THIKA ROAD,SOKO CHAPO CHAP CHAP BROWN LAYERED CHAPATI 10PCS,,,,,,,15.00,0.00,13.00,2.00,10.00,0.00,21.00,1.00,,,59.00,3.00
,,SOKO CHAPO CHAP CHAP BROWN LAYERED CHAPATI 6PCS,,,,,,,15.00,0.00,14.00,1.00,10.00,0.00,19.00,2.00,,,58.00,3.00
,,SOKO CHAPO CHAP CHAP WHITE LAYERED CHAPATI 10PCS,,,,,,,20.00,0.00,13.00,2.00,12.00,3.00,31.00,1.00,,,76.00,6.00
,,SOKO CHAPO CHAP CHAP WHITE LAYERED CHAPATI 6PCS,,,,,,,25.00,0.00,15.00,0.00,15.00,0.00,27.00,1.00,,,82.00,1.00
,NAIVAS LIMITED-SHELL SURVEY THIKA ROAD Total,,,,,,,,75.00,0.00,55.00,5.00,47.00,3.00,98.00,5.00,,,275.00,13.00
,NAIVAS LIMITED-SOUTH C,SOKO CHAPO CHAP CHAP BROWN LAYERED CHAPATI 10PCS,20.00,0.00,33.00,0.00,34.00,0.00,37.00,0.00,39.00,0.00,27.00,0.00,48.00,0.00,,,238.00,0.00
,,SOKO CHAPO CHAP CHAP BROWN LAYERED CHAPATI 6PCS,40.00,0.00,34.00,6.00,55.00,0.00,52.00,0.00,43.00,0.00,36.00,0.00,53.00,0.00,,,313.00,6.00
,,SOKO CHAPO CHAP CHAP WHITE LAYERED CHAPATI 10PCS,28.00,0.00,34.00,4.00,37.00,4.00,33.00,0.00,40.00,0.00,20.00,6.00,43.00,6.00,,,235.00,20.00
,,SOKO CHAPO CHAP CHAP WHITE LAYERED CHAPATI 6PCS,50.00,0.00,34.00,1.00,48.00,1.00,53.00,0.00,51.00,0.00,35.00,1.00,40.00,8.00,,,311.00,11.00
,NAIVAS LIMITED-SOUTH C Total,,138.00,0.00,135.00,11.00,174.00,5.00,175.00,0.00,173.00,0.00,118.00,7.00,184.00,14.00,,,"1,097.00",37.00
,NAIVAS LIMITED-SPUR MALL RUIRU,SOKO CHAPO CHAP CHAP BROWN LAYERED CHAPATI 10PCS,,,,,,,8.00,0.00,2.00,4.00,4.00,0.00,6.00,3.00,,,20.00,7.00
,,SOKO CHAPO CHAP CHAP BROWN LAYERED CHAPATI 6PCS,,,,,,,8.00,0.00,4.00,4.00,8.00,2.00,8.00,2.00,,,28.00,8.00
,,SOKO CHAPO CHAP CHAP WHITE LAYERED CHAPATI 10PCS,,,,,,,10.00,0.00,10.00,1.00,10.00,2.00,5.00,3.00,,,35.00,6.00
,,SOKO CHAPO CHAP CHAP WHITE LAYERED CHAPATI 6PCS,,,,,,,10.00,0.00,9.00,3.00,14.00,1.00,13.00,2.00,,,46.00,6.00
,NAIVAS LIMITED-SPUR MALL RUIRU Total,,,,,,,,36.00,0.00,25.00,12.00,36.00,5.00,32.00,10.00,,,129.00,27.00
,NAIVAS LIMITED-THIKA ANANAS,SOKO CHAPO CHAP CHAP BROWN LAYERED CHAPATI 10PCS,13.00,2.00,8.00,6.00,10.00,5.00,6.00,4.00,11.00,1.00,10.00,0.00,7.00,2.00,,,65.00,20.00
,,SOKO CHAPO CHAP CHAP BROWN LAYERED CHAPATI 6PCS,13.00,2.00,23.00,0.00,15.00,6.00,32.00,0.00,28.00,0.00,16.00,0.00,11.00,2.00,,,138.00,10.00
,,SOKO CHAPO CHAP CHAP WHITE LAYERED CHAPATI 10PCS,16.00,0.00,26.00,0.00,29.00,2.00,23.00,0.00,11.00,3.00,15.00,0.00,12.00,2.00,,,132.00,7.00
,,SOKO CHAPO CHAP CHAP WHITE LAYERED CHAPATI 6PCS,21.00,1.00,31.00,10.00,32.00,0.00,37.00,0.00,30.00,0.00,16.00,0.00,6.00,8.00,,,173.00,19.00
,NAIVAS LIMITED-THIKA ANANAS Total,,63.00,5.00,88.00,16.00,86.00,13.00,98.00,4.00,80.00,4.00,57.00,0.00,36.00,14.00,,,508.00,56.00
,NAIVAS LIMITED-THIKA TOWN,SOKO CHAPO CHAP CHAP BROWN LAYERED CHAPATI 10PCS,,,,,,,5.00,0.00,4.00,2.00,-4.00,4.00,2.00,0.00,,,7.00,6.00
,,SOKO CHAPO CHAP CHAP BROWN LAYERED CHAPATI 6PCS,,,,,,,5.00,0.00,6.00,0.00,,,4.00,3.00,,,15.00,3.00
,,SOKO CHAPO CHAP CHAP WHITE LAYERED CHAPATI 10PCS,,,,,,,5.00,0.00,3.00,3.00,-6.00,6.00,4.00,0.00,,,6.00,9.00
,,SOKO CHAPO CHAP CHAP WHITE LAYERED CHAPATI 6PCS,,,,,,,25.00,0.00,-3.00,9.00,-1.00,1.00,10.00,0.00,,,31.00,10.00
,NAIVAS LIMITED-THIKA TOWN Total,,,,,,,,40.00,0.00,10.00,14.00,-11.00,11.00,20.00,3.00,,,59.00,28.00
,NAIVAS LIMITED-THINDIGUA,SOKO CHAPO CHAP CHAP BROWN LAYERED CHAPATI 10PCS,-2.00,9.00,9.00,0.00,9.00,5.00,7.00,1.00,10.00,0.00,10.00,0.00,9.00,0.00,,,52.00,15.00
,,SOKO CHAPO CHAP CHAP BROWN LAYERED CHAPATI 6PCS,12.00,6.00,20.00,0.00,13.00,2.00,8.00,0.00,11.00,0.00,10.00,0.00,9.00,0.00,,,83.00,8.00
,,SOKO CHAPO CHAP CHAP WHITE LAYERED CHAPATI 10PCS,14.00,2.00,28.00,0.00,17.00,11.00,21.00,0.00,22.00,0.00,21.00,0.00,31.00,1.00,,,154.00,14.00
,,SOKO CHAPO CHAP CHAP WHITE LAYERED CHAPATI 6PCS,25.00,1.00,28.00,0.00,27.00,0.00,21.00,0.00,19.00,0.00,22.00,0.00,26.00,0.00,,,168.00,1.00
,NAIVAS LIMITED-THINDIGUA Total,,49.00,18.00,85.00,0.00,66.00,18.00,57.00,1.00,62.00,0.00,63.00,0.00,75.00,1.00,,,457.00,38.00
,NAIVAS LIMITED-T-SQUARE BURUBURU,SOKO CHAPO CHAP CHAP BROWN LAYERED CHAPATI 10PCS,,,,,,,6.00,0.00,4.00,2.00,1.00,2.00,1.00,2.00,,,12.00,6.00
,,SOKO CHAPO CHAP CHAP BROWN LAYERED CHAPATI 6PCS,,,,,,,6.00,0.00,9.00,1.00,3.00,1.00,7.00,2.00,,,25.00,4.00
,,SOKO CHAPO CHAP CHAP WHITE LAYERED CHAPATI 10PCS,,,,,,,13.00,0.00,7.00,2.00,9.00,0.00,6.00,0.00,,,35.00,2.00
,,SOKO CHAPO CHAP CHAP WHITE LAYERED CHAPATI 6PCS,,,,,,,14.00,0.00,10.00,2.00,3.00,0.00,9.00,0.00,,,36.00,2.00
,NAIVAS LIMITED-T-SQUARE BURUBURU Total,,,,,,,,39.00,0.00,30.00,7.00,16.00,3.00,23.00,4.00,,,108.00,14.00
,NAIVAS LIMITED-UMOJA,SOKO CHAPO CHAP CHAP BROWN LAYERED CHAPATI 6PCS,,,,,,,10.00,0.00,30.00,0.00,12.00,0.00,1.00,11.00,,,53.00,11.00
,,SOKO CHAPO CHAP CHAP WHITE LAYERED CHAPATI 10PCS,,,,,,,,,,,,,12.00,0.00,,,12.00,0.00
,,SOKO CHAPO CHAP CHAP WHITE LAYERED CHAPATI 6PCS,,,,,,,25.00,0.00,60.00,0.00,35.00,1.00,56.00,0.00,,,176.00,1.00
,NAIVAS LIMITED-UMOJA Total,,,,,,,,35.00,0.00,90.00,0.00,47.00,1.00,69.00,11.00,,,241.00,12.00
,NAIVAS LIMITED-UTAWALA,SOKO CHAPO CHAP CHAP BROWN LAYERED CHAPATI 10PCS,55.00,0.00,29.00,21.00,33.00,4.00,14.00,9.00,13.00,6.00,21.00,5.00,18.00,13.00,,,183.00,58.00
,,SOKO CHAPO CHAP CHAP BROWN LAYERED CHAPATI 6PCS,75.00,0.00,38.00,17.00,62.00,0.00,74.00,1.00,46.00,4.00,21.00,17.00,52.00,8.00,,,368.00,47.00
,,SOKO CHAPO CHAP CHAP WHITE LAYERED CHAPATI 10PCS,65.00,0.00,68.00,12.00,49.00,1.00,65.00,0.00,38.00,7.00,32.00,1.00,66.00,4.00,,,383.00,25.00
,,SOKO CHAPO CHAP CHAP WHITE LAYERED CHAPATI 6PCS,85.00,0.00,85.00,0.00,95.00,0.00,105.00,0.00,90.00,0.00,33.00,6.00,95.00,0.00,,,588.00,6.00
,NAIVAS LIMITED-UTAWALA Total,,280.00,0.00,220.00,50.00,239.00,5.00,258.00,10.00,187.00,17.00,107.00,29.00,231.00,25.00,,,"1,522.00",136.00
,NAIVAS LIMITED-WATERFRONT KAREN,SOKO CHAPO CHAP CHAP BROWN LAYERED CHAPATI 10PCS,4.00,0.00,8.00,1.00,14.00,6.00,11.00,1.00,12.00,3.00,-1.00,9.00,8.00,0.00,,,56.00,20.00
,,SOKO CHAPO CHAP CHAP BROWN LAYERED CHAPATI 6PCS,4.00,0.00,5.00,3.00,18.00,1.00,11.00,1.00,13.00,7.00,7.00,0.00,6.00,2.00,,,64.00,14.00
,,SOKO CHAPO CHAP CHAP WHITE LAYERED CHAPATI 10PCS,6.00,0.00,2.00,6.00,24.00,3.00,17.00,1.00,7.00,4.00,7.00,0.00,6.00,2.00,,,69.00,16.00
,,SOKO CHAPO CHAP CHAP WHITE LAYERED CHAPATI 6PCS,6.00,0.00,10.00,0.00,26.00,0.00,17.00,1.00,24.00,4.00,6.00,2.00,7.00,1.00,,,96.00,8.00
,NAIVAS LIMITED-WATERFRONT KAREN Total,,20.00,0.00,25.00,10.00,82.00,10.00,56.00,4.00,56.00,18.00,19.00,11.00,27.00,5.00,,,285.00,58.00
,NAIVAS LIMITED-WESTBAY MALL REDHILL,SOKO CHAPO CHAP CHAP BROWN LAYERED CHAPATI 10PCS,,,,,,,4.00,0.00,6.00,0.00,5.00,2.00,5.00,0.00,,,20.00,2.00
,,SOKO CHAPO CHAP CHAP BROWN LAYERED CHAPATI 6PCS,,,,,,,8.00,0.00,8.00,0.00,7.00,2.00,9.00,1.00,,,32.00,3.00
,,SOKO CHAPO CHAP CHAP WHITE LAYERED CHAPATI 10PCS,,,,,,,8.00,0.00,8.00,0.00,8.00,2.00,8.00,0.00,,,32.00,2.00
,,SOKO CHAPO CHAP CHAP WHITE LAYERED CHAPATI 6PCS,,,,,,,8.00,0.00,11.00,0.00,16.00,0.00,15.00,1.00,,,50.00,1.00
,NAIVAS LIMITED-WESTBAY MALL REDHILL Total,,,,,,,,28.00,0.00,33.00,0.00,36.00,6.00,37.00,2.00,,,134.00,8.00
,NAIVAS LIMITED-WESTLANDS,SOKO CHAPO CHAP CHAP BROWN LAYERED CHAPATI 10PCS,-4.00,4.00,,,,,,,,,,,,,,,-4.00,4.00
,,SOKO CHAPO CHAP CHAP BROWN LAYERED CHAPATI 6PCS,21.00,6.00,24.00,0.00,24.00,0.00,19.00,0.00,25.00,3.00,24.00,0.00,20.00,0.00,,,157.00,9.00
,,SOKO CHAPO CHAP CHAP WHITE LAYERED CHAPATI 10PCS,27.00,0.00,24.00,0.00,11.00,7.00,15.00,2.00,27.00,3.00,22.00,0.00,20.00,0.00,,,146.00,12.00
,,SOKO CHAPO CHAP CHAP WHITE LAYERED CHAPATI 6PCS,23.00,4.00,24.00,0.00,23.00,1.00,21.00,0.00,32.00,0.00,22.00,0.00,21.00,1.00,,,166.00,6.00
,NAIVAS LIMITED-WESTLANDS Total,,67.00,14.00,72.00,0.00,58.00,8.00,55.00,2.00,84.00,6.00,68.00,0.00,61.00,1.00,,,465.00,31.00
,NAIVAS LIMITED-WOOD AVENUE,SOKO CHAPO CHAP CHAP BROWN LAYERED CHAPATI 10PCS,,,,,,,28.00,0.00,38.00,0.00,13.00,4.00,24.00,6.00,,,103.00,10.00
,,SOKO CHAPO CHAP CHAP BROWN LAYERED CHAPATI 6PCS,,,,,,,28.00,0.00,45.00,0.00,24.00,0.00,39.00,6.00,,,136.00,6.00
,,SOKO CHAPO CHAP CHAP WHITE LAYERED CHAPATI 10PCS,,,,,,,42.00,0.00,68.00,0.00,41.00,0.00,78.00,7.00,,,229.00,7.00
,,SOKO CHAPO CHAP CHAP WHITE LAYERED CHAPATI 6PCS,,,,,,,42.00,0.00,73.00,0.00,38.00,1.00,90.00,0.00,,,243.00,1.00
,NAIVAS LIMITED-WOOD AVENUE Total,,,,,,,,140.00,0.00,224.00,0.00,116.00,5.00,231.00,19.00,,,711.00,24.00
NAIVAS LIMITED Total,,,"2,142.00",272.00,"1,799.00",381.00,"2,463.00",245.00,"3,504.00",180.00,"3,342.00",394.00,"3,063.00",220.00,"3,476.00",349.00,,,"19,789.00","2,041.00"
NGOI SUPERMARKETS LIMITED,NGOI SUPERMARKETS LIMITED-NGOINGWA BRANCH,SOKO CHAPO CHAP CHAP WHITE LAYERED CHAPATI 10PCS,,,2.00,0.00,,,-2.00,2.00,,,,,,,,,0.00,2.00
,,SOKO CHAPO CHAP CHAP WHITE LAYERED CHAPATI 6PCS,,,3.00,0.00,,,-3.00,3.00,,,,,,,,,0.00,3.00
,NGOI SUPERMARKETS LIMITED-NGOINGWA BRANCH Total,,,,5.00,0.00,,,-5.00,5.00,,,,,,,,,0.00,5.00
NGOI SUPERMARKETS LIMITED Total,,,,,5.00,0.00,,,-5.00,5.00,,,,,,,,,0.00,5.00
POWERSTAR SUPERMARKET,POWERSTAR SUPERMARKET-EXPRESS ZIMMERMAN,SOKO CHAPO CHAP CHAP BROWN LAYERED CHAPATI 6PCS,,,,,,,27.00,0.00,12.00,2.00,13.00,1.00,7.00,4.00,,,59.00,7.00
,,SOKO CHAPO CHAP CHAP WHITE LAYERED CHAPATI 6PCS,,,,,,,51.00,0.00,26.00,6.00,21.00,1.00,13.00,3.00,,,111.00,10.00
,POWERSTAR SUPERMARKET-EXPRESS ZIMMERMAN Total,,,,,,,,78.00,0.00,38.00,8.00,34.00,2.00,20.00,7.00,,,170.00,17.00
,POWERSTAR SUPERMARKET-HYPER JOSKA,SOKO CHAPO CHAP CHAP BROWN LAYERED CHAPATI 6PCS,,,,,,,,,,,,,15.00,0.00,,,15.00,0.00
,,SOKO CHAPO CHAP CHAP WHITE LAYERED CHAPATI 6PCS,,,,,,,,,,,,,15.00,0.00,,,15.00,0.00
,POWERSTAR SUPERMARKET-HYPER JOSKA Total,,,,,,,,,,,,,,30.00,0.00,,,30.00,0.00
,POWERSTAR SUPERMARKET-KASARANI  BRANCH,SOKO CHAPO CHAP CHAP BROWN LAYERED CHAPATI 6PCS,22.00,0.00,42.00,8.00,45.00,5.00,31.00,6.00,18.00,2.00,32.00,3.00,-12.00,20.00,,,178.00,44.00
,,SOKO CHAPO CHAP CHAP WHITE LAYERED CHAPATI 6PCS,65.00,0.00,74.00,10.00,46.00,8.00,71.00,4.00,24.00,6.00,45.00,20.00,10.00,10.00,,,335.00,58.00
,POWERSTAR SUPERMARKET-KASARANI  BRANCH Total,,87.00,0.00,116.00,18.00,91.00,13.00,102.00,10.00,42.00,8.00,77.00,23.00,-2.00,30.00,,,513.00,102.00
,POWERSTAR SUPERMARKET-KIKUYU BRANCH,SOKO CHAPO CHAP CHAP BROWN LAYERED CHAPATI 6PCS,,,30.00,2.00,16.00,0.00,28.00,0.00,31.00,5.00,9.00,2.00,27.00,2.00,,,141.00,11.00
,,SOKO CHAPO CHAP CHAP WHITE LAYERED CHAPATI 6PCS,,,40.00,0.00,45.00,0.00,47.00,3.00,14.00,21.00,39.00,1.00,24.00,1.00,,,209.00,26.00
,POWERSTAR SUPERMARKET-KIKUYU BRANCH Total,,,,70.00,2.00,61.00,0.00,75.00,3.00,45.00,26.00,48.00,3.00,51.00,3.00,,,350.00,37.00
,POWERSTAR SUPERMARKET-KINOO  BRANCH,SOKO CHAPO CHAP CHAP BROWN LAYERED CHAPATI 6PCS,,,,,,,,,,,,,18.00,0.00,,,18.00,0.00
,,SOKO CHAPO CHAP CHAP WHITE LAYERED CHAPATI 6PCS,,,,,,,,,,,,,30.00,0.00,,,30.00,0.00
,POWERSTAR SUPERMARKET-KINOO  BRANCH Total,,,,,,,,,,,,,,48.00,0.00,,,48.00,0.00
,POWERSTAR SUPERMARKET-KITENGELA BRANCH,SOKO CHAPO CHAP CHAP BROWN LAYERED CHAPATI 6PCS,,,,,,,23.00,0.00,23.00,1.00,30.00,0.00,20.00,4.00,,,96.00,5.00
,,SOKO CHAPO CHAP CHAP WHITE LAYERED CHAPATI 6PCS,,,,,,,40.00,0.00,40.00,2.00,52.00,8.00,42.00,0.00,,,174.00,10.00
,POWERSTAR SUPERMARKET-KITENGELA BRANCH Total,,,,,,,,63.00,0.00,63.00,3.00,82.00,8.00,62.00,4.00,,,270.00,15.00
,POWERSTAR SUPERMARKET-MWIKI KASARANI,SOKO CHAPO CHAP CHAP BROWN LAYERED CHAPATI 6PCS,,,15.00,2.00,15.00,3.00,24.00,0.00,25.00,5.00,24.00,0.00,14.00,4.00,,,117.00,14.00
,,SOKO CHAPO CHAP CHAP WHITE LAYERED CHAPATI 6PCS,,,23.00,1.00,30.00,0.00,36.00,0.00,32.00,16.00,30.00,0.00,13.00,11.00,,,164.00,28.00
,POWERSTAR SUPERMARKET-MWIKI KASARANI Total,,,,38.00,3.00,45.00,3.00,60.00,0.00,57.00,21.00,54.00,0.00,27.00,15.00,,,281.00,42.00
,POWERSTAR SUPERMARKET-ZIMMERMAN BASE,SOKO CHAPO CHAP CHAP BROWN LAYERED CHAPATI 6PCS,,,,,,,,,,,,,32.00,0.00,,,32.00,0.00
,,SOKO CHAPO CHAP CHAP WHITE LAYERED CHAPATI 6PCS,,,,,,,,,,,,,57.00,0.00,,,57.00,0.00
,POWERSTAR SUPERMARKET-ZIMMERMAN BASE Total,,,,,,,,,,,,,,89.00,0.00,,,89.00,0.00
POWERSTAR SUPERMARKET Total,,,87.00,0.00,224.00,23.00,197.00,16.00,378.00,13.00,245.00,66.00,295.00,36.00,325.00,59.00,,,"1,751.00",213.00
QUICK MART LIMITED,QUICK MART LIMITED-BANANA - BASIC MALL,SOKO CHAPO CHAP CHAP BROWN LAYERED CHAPATI 10PCS,5.00,0.00,5.00,1.00,-4.00,4.00,5.00,0.00,,,8.00,0.00,5.00,1.00,,,24.00,6.00
,,SOKO CHAPO CHAP CHAP BROWN LAYERED CHAPATI 6PCS,7.00,1.00,12.00,3.00,12.00,1.00,13.00,0.00,14.00,0.00,11.00,3.00,10.00,2.00,,,79.00,10.00
,,SOKO CHAPO CHAP CHAP WHITE LAYERED CHAPATI 10PCS,24.00,1.00,17.00,1.00,18.00,1.00,9.00,0.00,13.00,0.00,3.00,5.00,15.00,0.00,,,99.00,8.00
,,SOKO CHAPO CHAP CHAP WHITE LAYERED CHAPATI 6PCS,26.00,0.00,29.00,0.00,41.00,0.00,38.00,2.00,40.00,3.00,37.00,0.00,33.00,3.00,,,244.00,8.00
,QUICK MART LIMITED-BANANA - BASIC MALL Total,,62.00,2.00,63.00,5.00,67.00,6.00,65.00,2.00,67.00,3.00,59.00,8.00,63.00,6.00,,,446.00,32.00
,QUICK MART LIMITED-BURU BURU,SOKO CHAPO CHAP CHAP BROWN LAYERED CHAPATI 10PCS,3.00,1.00,0.00,4.00,,,,,,,,,,,,,3.00,5.00
,,SOKO CHAPO CHAP CHAP BROWN LAYERED CHAPATI 6PCS,15.00,0.00,21.00,3.00,35.00,1.00,17.00,8.00,29.00,2.00,20.00,0.00,15.00,1.00,,,152.00,15.00
,,SOKO CHAPO CHAP CHAP WHITE LAYERED CHAPATI 10PCS,6.00,2.00,1.00,3.00,,,,,,,,,,,,,7.00,5.00
,,SOKO CHAPO CHAP CHAP WHITE LAYERED CHAPATI 6PCS,12.00,1.00,20.00,4.00,40.00,0.00,29.00,1.00,29.00,0.00,29.00,0.00,22.00,0.00,,,181.00,6.00
,QUICK MART LIMITED-BURU BURU Total,,36.00,4.00,42.00,14.00,75.00,1.00,46.00,9.00,58.00,2.00,49.00,0.00,37.00,1.00,,,343.00,31.00
,QUICK MART LIMITED-CHANIA BRANCH,SOKO CHAPO CHAP CHAP BROWN LAYERED CHAPATI 10PCS,17.00,5.00,2.00,12.00,15.00,1.00,3.00,5.00,18.00,0.00,3.00,3.00,13.00,5.00,,,71.00,31.00
,,SOKO CHAPO CHAP CHAP BROWN LAYERED CHAPATI 6PCS,22.00,4.00,17.00,6.00,25.00,3.00,26.00,0.00,31.00,0.00,15.00,0.00,18.00,0.00,,,154.00,13.00
,,SOKO CHAPO CHAP CHAP WHITE LAYERED CHAPATI 10PCS,20.00,5.00,15.00,7.00,15.00,2.00,26.00,0.00,19.00,0.00,13.00,3.00,24.00,0.00,,,132.00,17.00
,,SOKO CHAPO CHAP CHAP WHITE LAYERED CHAPATI 6PCS,31.00,5.00,24.00,7.00,36.00,1.00,36.00,0.00,41.00,1.00,17.00,0.00,25.00,8.00,,,210.00,22.00
,QUICK MART LIMITED-CHANIA BRANCH Total,,90.00,19.00,58.00,32.00,91.00,7.00,91.00,5.00,109.00,1.00,48.00,6.00,80.00,13.00,,,567.00,83.00
,QUICK MART LIMITED-CIRCLE MALL BRANCH,SOKO CHAPO CHAP CHAP BROWN LAYERED CHAPATI 10PCS,,,,,,,,,,,2.00,0.00,7.00,1.00,,,9.00,1.00
,,SOKO CHAPO CHAP CHAP BROWN LAYERED CHAPATI 6PCS,,,,,,,,,,,1.00,0.00,5.00,0.00,,,6.00,0.00
,,SOKO CHAPO CHAP CHAP WHITE LAYERED CHAPATI 10PCS,,,,,,,,,,,4.00,0.00,6.00,1.00,,,10.00,1.00
,,SOKO CHAPO CHAP CHAP WHITE LAYERED CHAPATI 6PCS,,,,,,,,,,,4.00,0.00,11.00,0.00,,,15.00,0.00
,QUICK MART LIMITED-CIRCLE MALL BRANCH Total,,,,,,,,,,,,11.00,0.00,29.00,2.00,,,40.00,2.00
,QUICK MART LIMITED-DONHOLM,SOKO CHAPO CHAP CHAP BROWN LAYERED CHAPATI 10PCS,,,,,,,,,5.00,0.00,-3.00,3.00,,,,,2.00,3.00
,,SOKO CHAPO CHAP CHAP BROWN LAYERED CHAPATI 6PCS,,,,,,,,,5.00,0.00,16.00,2.00,12.00,0.00,,,33.00,2.00
,,SOKO CHAPO CHAP CHAP WHITE LAYERED CHAPATI 10PCS,,,,,,,,,10.00,0.00,-5.00,5.00,,,,,5.00,5.00
,,SOKO CHAPO CHAP CHAP WHITE LAYERED CHAPATI 6PCS,,,,,,,,,10.00,0.00,19.00,4.00,14.00,0.00,,,43.00,4.00
,QUICK MART LIMITED-DONHOLM Total,,,,,,,,,,30.00,0.00,27.00,14.00,26.00,0.00,,,83.00,14.00
,QUICK MART LIMITED-EASTERN BYPASS,SOKO CHAPO CHAP CHAP BROWN LAYERED CHAPATI 10PCS,,,,,,,,,5.00,0.00,-1.00,4.00,-1.00,1.00,,,3.00,5.00
,,SOKO CHAPO CHAP CHAP BROWN LAYERED CHAPATI 6PCS,,,,,,,,,5.00,0.00,0.00,3.00,1.00,5.00,,,6.00,8.00
,,SOKO CHAPO CHAP CHAP WHITE LAYERED CHAPATI 10PCS,,,,,,,,,10.00,0.00,-4.00,10.00,7.00,2.00,,,13.00,12.00
,,SOKO CHAPO CHAP CHAP WHITE LAYERED CHAPATI 6PCS,,,,,,,,,10.00,0.00,7.00,5.00,3.00,6.00,,,20.00,11.00
,QUICK MART LIMITED-EASTERN BYPASS Total,,,,,,,,,,30.00,0.00,2.00,22.00,10.00,14.00,,,42.00,36.00
,QUICK MART LIMITED-EASTERN BYPASS 2,SOKO CHAPO CHAP CHAP BROWN LAYERED CHAPATI 10PCS,,,,,,,,,5.00,0.00,1.00,2.00,6.00,1.00,,,12.00,3.00
,,SOKO CHAPO CHAP CHAP BROWN LAYERED CHAPATI 6PCS,,,,,,,,,5.00,0.00,11.00,2.00,-3.00,6.00,,,13.00,8.00
,,SOKO CHAPO CHAP CHAP WHITE LAYERED CHAPATI 10PCS,,,,,,,,,10.00,0.00,-1.00,7.00,13.00,2.00,,,22.00,9.00
,,SOKO CHAPO CHAP CHAP WHITE LAYERED CHAPATI 6PCS,,,,,,,,,10.00,0.00,5.00,8.00,8.00,10.00,,,23.00,18.00
,QUICK MART LIMITED-EASTERN BYPASS 2 Total,,,,,,,,,,30.00,0.00,16.00,19.00,24.00,19.00,,,70.00,38.00
,QUICK MART LIMITED-ELDORET,SOKO CHAPO CHAP CHAP BROWN LAYERED CHAPATI 6PCS,,,,,0.00,6.00,,,,,,,,,,,0.00,6.00
,,SOKO CHAPO CHAP CHAP WHITE LAYERED CHAPATI 10PCS,,,,,0.00,5.00,,,,,,,,,,,0.00,5.00
,,SOKO CHAPO CHAP CHAP WHITE LAYERED CHAPATI 6PCS,,,,,0.00,10.00,,,,,,,,,,,0.00,10.00
,QUICK MART LIMITED-ELDORET Total,,,,,,0.00,21.00,,,,,,,,,,,0.00,21.00
,QUICK MART LIMITED-EMBAKASI BRANCH,SOKO CHAPO CHAP CHAP BROWN LAYERED CHAPATI 10PCS,12.00,6.00,10.00,5.00,21.00,3.00,28.00,0.00,16.00,8.00,11.00,3.00,10.00,5.00,,,108.00,30.00
,,SOKO CHAPO CHAP CHAP BROWN LAYERED CHAPATI 6PCS,10.00,9.00,12.00,3.00,33.00,0.00,48.00,0.00,34.00,0.00,17.00,5.00,20.00,5.00,,,174.00,22.00
,,SOKO CHAPO CHAP CHAP WHITE LAYERED CHAPATI 10PCS,23.00,6.00,25.00,6.00,28.00,5.00,18.00,12.00,30.00,0.00,14.00,12.00,26.00,5.00,,,164.00,46.00
,,SOKO CHAPO CHAP CHAP WHITE LAYERED CHAPATI 6PCS,23.00,10.00,30.00,2.00,48.00,3.00,42.00,9.00,37.00,0.00,14.00,15.00,34.00,5.00,,,228.00,44.00
,QUICK MART LIMITED-EMBAKASI BRANCH Total,,68.00,31.00,77.00,16.00,130.00,11.00,136.00,21.00,117.00,8.00,56.00,35.00,90.00,20.00,,,674.00,142.00
,QUICK MART LIMITED-FEDHA BRANCH,SOKO CHAPO CHAP CHAP BROWN LAYERED CHAPATI 10PCS,13.00,7.00,9.00,8.00,13.00,5.00,9.00,4.00,11.00,1.00,8.00,0.00,9.00,4.00,,,72.00,29.00
,,SOKO CHAPO CHAP CHAP BROWN LAYERED CHAPATI 6PCS,25.00,2.00,16.00,6.00,21.00,2.00,23.00,0.00,23.00,2.00,18.00,0.00,9.00,3.00,,,135.00,15.00
,,SOKO CHAPO CHAP CHAP WHITE LAYERED CHAPATI 10PCS,29.00,0.00,18.00,2.00,17.00,5.00,15.00,2.00,21.00,0.00,11.00,0.00,17.00,0.00,,,128.00,9.00
,,SOKO CHAPO CHAP CHAP WHITE LAYERED CHAPATI 6PCS,34.00,0.00,20.00,3.00,23.00,1.00,26.00,0.00,28.00,0.00,18.00,0.00,20.00,0.00,,,169.00,4.00
,QUICK MART LIMITED-FEDHA BRANCH Total,,101.00,9.00,63.00,19.00,74.00,13.00,73.00,6.00,83.00,3.00,55.00,0.00,55.00,7.00,,,504.00,57.00
,QUICK MART LIMITED-HIGHWAY MLOLONGO,SOKO CHAPO CHAP CHAP BROWN LAYERED CHAPATI 10PCS,,,,,,,,,5.00,0.00,5.00,4.00,3.00,3.00,,,13.00,7.00
,,SOKO CHAPO CHAP CHAP BROWN LAYERED CHAPATI 6PCS,,,,,,,,,5.00,0.00,8.00,3.00,8.00,4.00,,,21.00,7.00
,,SOKO CHAPO CHAP CHAP WHITE LAYERED CHAPATI 10PCS,,,,,,,,,10.00,0.00,6.00,8.00,3.00,6.00,,,19.00,14.00
,,SOKO CHAPO CHAP CHAP WHITE LAYERED CHAPATI 6PCS,,,,,,,,,10.00,0.00,11.00,3.00,24.00,0.00,,,45.00,3.00
,QUICK MART LIMITED-HIGHWAY MLOLONGO Total,,,,,,,,,,30.00,0.00,30.00,18.00,38.00,13.00,,,98.00,31.00
,QUICK MART LIMITED-JIPANGE BRANCH,SOKO CHAPO CHAP CHAP BROWN LAYERED CHAPATI 10PCS,25.00,4.00,20.00,4.00,17.00,5.00,22.00,0.00,21.00,0.00,14.00,0.00,18.00,0.00,,,137.00,13.00
,,SOKO CHAPO CHAP CHAP BROWN LAYERED CHAPATI 6PCS,25.00,9.00,19.00,5.00,19.00,3.00,25.00,0.00,23.00,2.00,13.00,3.00,21.00,0.00,,,145.00,22.00
,,SOKO CHAPO CHAP CHAP WHITE LAYERED CHAPATI 10PCS,42.00,8.00,37.00,0.00,23.00,3.00,29.00,4.00,28.00,3.00,23.00,0.00,26.00,0.00,,,208.00,18.00
,,SOKO CHAPO CHAP CHAP WHITE LAYERED CHAPATI 6PCS,46.00,6.00,35.00,2.00,25.00,2.00,28.00,5.00,28.00,1.00,21.00,0.00,33.00,0.00,,,216.00,16.00
,QUICK MART LIMITED-JIPANGE BRANCH Total,,138.00,27.00,111.00,11.00,84.00,13.00,104.00,9.00,100.00,6.00,71.00,3.00,98.00,0.00,,,706.00,69.00
,QUICK MART LIMITED-JOSKA BRANCH,SOKO CHAPO CHAP CHAP BROWN LAYERED CHAPATI 10PCS,,,,,,,,,10.00,0.00,4.00,4.00,6.00,1.00,,,20.00,5.00
,,SOKO CHAPO CHAP CHAP BROWN LAYERED CHAPATI 6PCS,,,,,,,,,10.00,0.00,9.00,2.00,9.00,0.00,,,28.00,2.00
,,SOKO CHAPO CHAP CHAP WHITE LAYERED CHAPATI 10PCS,,,,,,,,,10.00,0.00,8.00,1.00,9.00,2.00,,,27.00,3.00
,,SOKO CHAPO CHAP CHAP WHITE LAYERED CHAPATI 6PCS,,,,,,,,,16.00,0.00,8.00,1.00,10.00,2.00,,,34.00,3.00
,QUICK MART LIMITED-JOSKA BRANCH Total,,,,,,,,,,46.00,0.00,29.00,8.00,34.00,5.00,,,109.00,13.00
,QUICK MART LIMITED-KAHAWA SUKARI,SOKO CHAPO CHAP CHAP BROWN LAYERED CHAPATI 10PCS,,,,,,,5.00,0.00,4.00,0.00,2.00,1.00,2.00,3.00,,,13.00,4.00
,,SOKO CHAPO CHAP CHAP BROWN LAYERED CHAPATI 6PCS,,,,,,,8.00,0.00,3.00,1.00,4.00,2.00,9.00,1.00,,,24.00,4.00
,,SOKO CHAPO CHAP CHAP WHITE LAYERED CHAPATI 10PCS,,,,,,,10.00,0.00,10.00,0.00,4.00,2.00,10.00,1.00,,,34.00,3.00
,,SOKO CHAPO CHAP CHAP WHITE LAYERED CHAPATI 6PCS,,,,,,,15.00,0.00,12.00,0.00,9.00,0.00,12.00,0.00,,,48.00,0.00
,QUICK MART LIMITED-KAHAWA SUKARI Total,,,,,,,,38.00,0.00,29.00,1.00,19.00,5.00,33.00,5.00,,,119.00,11.00
,QUICK MART LIMITED-KAHAWA WEST,SOKO CHAPO CHAP CHAP BROWN LAYERED CHAPATI 10PCS,,,,,,,,,,,,,3.00,0.00,,,3.00,0.00
,,SOKO CHAPO CHAP CHAP WHITE LAYERED CHAPATI 10PCS,,,,,,,,,,,,,6.00,0.00,,,6.00,0.00
,,SOKO CHAPO CHAP CHAP WHITE LAYERED CHAPATI 6PCS,,,,,,,,,,,,,6.00,0.00,,,6.00,0.00
,QUICK MART LIMITED-KAHAWA WEST Total,,,,,,,,,,,,,,15.00,0.00,,,15.00,0.00
,QUICK MART LIMITED-KAREN BRANCH,SOKO CHAPO CHAP CHAP BROWN LAYERED CHAPATI 10PCS,,,,,,,,,5.00,0.00,5.00,4.00,-3.00,3.00,,,7.00,7.00
,,SOKO CHAPO CHAP CHAP BROWN LAYERED CHAPATI 6PCS,,,,,,,,,5.00,0.00,5.00,3.00,10.00,6.00,,,20.00,9.00
,,SOKO CHAPO CHAP CHAP WHITE LAYERED CHAPATI 10PCS,,,,,,,,,10.00,0.00,2.00,7.00,-2.00,2.00,,,10.00,9.00
,,SOKO CHAPO CHAP CHAP WHITE LAYERED CHAPATI 6PCS,,,,,,,,,10.00,0.00,-1.00,10.00,15.00,1.00,,,24.00,11.00
,QUICK MART LIMITED-KAREN BRANCH Total,,,,,,,,,,30.00,0.00,11.00,24.00,20.00,12.00,,,61.00,36.00
,QUICK MART LIMITED-KIAMBU ROAD,SOKO CHAPO CHAP CHAP BROWN LAYERED CHAPATI 10PCS,16.00,5.00,13.00,1.00,17.00,2.00,24.00,0.00,17.00,1.00,12.00,3.00,16.00,1.00,,,115.00,13.00
,,SOKO CHAPO CHAP CHAP BROWN LAYERED CHAPATI 6PCS,20.00,4.00,20.00,0.00,24.00,1.00,24.00,0.00,26.00,0.00,20.00,0.00,29.00,0.00,,,163.00,5.00
,,SOKO CHAPO CHAP CHAP WHITE LAYERED CHAPATI 10PCS,43.00,5.00,10.00,12.00,39.00,1.00,35.00,0.00,29.00,5.00,25.00,0.00,48.00,0.00,,,229.00,23.00
,,SOKO CHAPO CHAP CHAP WHITE LAYERED CHAPATI 6PCS,39.00,5.00,24.00,10.00,40.00,0.00,33.00,0.00,43.00,0.00,30.00,0.00,56.00,0.00,,,265.00,15.00
,QUICK MART LIMITED-KIAMBU ROAD Total,,118.00,19.00,67.00,23.00,120.00,4.00,116.00,0.00,115.00,6.00,87.00,3.00,149.00,1.00,,,772.00,56.00
,QUICK MART LIMITED-KILELESHWA BRANCH,SOKO CHAPO CHAP CHAP BROWN LAYERED CHAPATI 10PCS,31.00,5.00,28.00,12.00,28.00,2.00,31.00,9.00,30.00,0.00,15.00,0.00,28.00,2.00,,,191.00,30.00
,,SOKO CHAPO CHAP CHAP BROWN LAYERED CHAPATI 6PCS,33.00,3.00,34.00,6.00,34.00,1.00,36.00,4.00,30.00,0.00,23.00,2.00,29.00,1.00,,,219.00,17.00
,,SOKO CHAPO CHAP CHAP WHITE LAYERED CHAPATI 10PCS,49.00,1.00,39.00,1.00,40.00,0.00,40.00,0.00,40.00,0.00,38.00,2.00,33.00,7.00,,,279.00,11.00
,,SOKO CHAPO CHAP CHAP WHITE LAYERED CHAPATI 6PCS,49.00,1.00,37.00,3.00,40.00,0.00,50.00,0.00,39.00,1.00,40.00,0.00,33.00,2.00,,,288.00,7.00
,QUICK MART LIMITED-KILELESHWA BRANCH Total,,162.00,10.00,138.00,22.00,142.00,3.00,157.00,13.00,139.00,1.00,116.00,4.00,123.00,12.00,,,977.00,65.00
,QUICK MART LIMITED-KILIMANI BRANCH,SOKO CHAPO CHAP CHAP BROWN LAYERED CHAPATI 10PCS,33.00,2.00,12.00,8.00,34.00,0.00,35.00,0.00,25.00,0.00,25.00,5.00,30.00,0.00,,,194.00,15.00
,,SOKO CHAPO CHAP CHAP BROWN LAYERED CHAPATI 6PCS,27.00,3.00,26.00,9.00,46.00,0.00,30.00,0.00,34.00,1.00,35.00,0.00,45.00,0.00,,,243.00,13.00
,,SOKO CHAPO CHAP CHAP WHITE LAYERED CHAPATI 10PCS,88.00,2.00,32.00,8.00,47.00,5.00,36.00,1.00,39.00,6.00,45.00,0.00,62.00,3.00,,,349.00,25.00
,,SOKO CHAPO CHAP CHAP WHITE LAYERED CHAPATI 6PCS,89.00,1.00,65.00,0.00,62.00,2.00,55.00,0.00,47.00,8.00,55.00,0.00,89.00,1.00,,,462.00,12.00
,QUICK MART LIMITED-KILIMANI BRANCH Total,,237.00,8.00,135.00,25.00,189.00,7.00,156.00,1.00,145.00,15.00,160.00,5.00,226.00,4.00,,,"1,248.00",65.00
,QUICK MART LIMITED-KISERIAN BRANCH,SOKO CHAPO CHAP CHAP BROWN LAYERED CHAPATI 10PCS,,,,,,,,,,,-4.00,4.00,,,,,-4.00,4.00
,,SOKO CHAPO CHAP CHAP BROWN LAYERED CHAPATI 6PCS,,,,,,,,,,,-5.00,5.00,,,,,-5.00,5.00
,,SOKO CHAPO CHAP CHAP WHITE LAYERED CHAPATI 10PCS,,,,,,,,,,,-6.00,6.00,,,,,-6.00,6.00
,,SOKO CHAPO CHAP CHAP WHITE LAYERED CHAPATI 6PCS,,,,,,,,,,,-6.00,6.00,,,,,-6.00,6.00
,QUICK MART LIMITED-KISERIAN BRANCH Total,,,,,,,,,,,,-21.00,21.00,,,,,-21.00,21.00
,QUICK MART LIMITED-KITENGELA 2 (CBD),SOKO CHAPO CHAP CHAP BROWN LAYERED CHAPATI 10PCS,,,,,,,,,5.00,0.00,,,,,,,5.00,0.00
,,SOKO CHAPO CHAP CHAP BROWN LAYERED CHAPATI 6PCS,,,,,,,,,5.00,0.00,,,,,,,5.00,0.00
,,SOKO CHAPO CHAP CHAP WHITE LAYERED CHAPATI 10PCS,,,,,,,,,10.00,0.00,,,,,,,10.00,0.00
,,SOKO CHAPO CHAP CHAP WHITE LAYERED CHAPATI 6PCS,,,,,,,,,10.00,0.00,,,,,,,10.00,0.00
,QUICK MART LIMITED-KITENGELA 2 (CBD) Total,,,,,,,,,,30.00,0.00,,,,,,,30.00,0.00
,QUICK MART LIMITED-KITENGELA OBC,SOKO CHAPO CHAP CHAP BROWN LAYERED CHAPATI 10PCS,,,,,,,,,5.00,0.00,20.00,1.00,15.00,2.00,,,40.00,3.00
,,SOKO CHAPO CHAP CHAP BROWN LAYERED CHAPATI 6PCS,,,,,,,,,5.00,0.00,23.00,2.00,19.00,5.00,,,47.00,7.00
,,SOKO CHAPO CHAP CHAP WHITE LAYERED CHAPATI 10PCS,,,,,,,,,10.00,0.00,40.00,0.00,18.00,3.00,,,68.00,3.00
,,SOKO CHAPO CHAP CHAP WHITE LAYERED CHAPATI 6PCS,,,,,,,,,10.00,0.00,40.00,0.00,21.00,5.00,,,71.00,5.00
,QUICK MART LIMITED-KITENGELA OBC Total,,,,,,,,,,30.00,0.00,123.00,3.00,73.00,15.00,,,226.00,18.00
,QUICK MART LIMITED-LAVINGTON BRANCH,SOKO CHAPO CHAP CHAP BROWN LAYERED CHAPATI 6PCS,58.00,17.00,27.00,28.00,58.00,2.00,84.00,1.00,43.00,7.00,46.00,4.00,43.00,9.00,,,359.00,68.00
,,SOKO CHAPO CHAP CHAP WHITE LAYERED CHAPATI 10PCS,96.00,4.00,55.00,20.00,79.00,1.00,83.00,2.00,50.00,5.00,43.00,12.00,49.00,6.00,,,455.00,50.00
,QUICK MART LIMITED-LAVINGTON BRANCH Total,,154.00,21.00,82.00,48.00,137.00,3.00,167.00,3.00,93.00,12.00,89.00,16.00,92.00,15.00,,,814.00,118.00
,QUICK MART LIMITED-MAKONGENI BRANCH THIKA,SOKO CHAPO CHAP CHAP BROWN LAYERED CHAPATI 10PCS,,,,,,,,,,,10.00,0.00,-2.00,2.00,,,8.00,2.00
,,SOKO CHAPO CHAP CHAP BROWN LAYERED CHAPATI 6PCS,,,,,,,,,,,16.00,0.00,16.00,6.00,,,32.00,6.00
,,SOKO CHAPO CHAP CHAP WHITE LAYERED CHAPATI 10PCS,,,,,,,,,,,20.00,0.00,8.00,10.00,,,28.00,10.00
,,SOKO CHAPO CHAP CHAP WHITE LAYERED CHAPATI 6PCS,,,,,,,,,,,26.00,0.00,0.00,10.00,,,26.00,10.00
,QUICK MART LIMITED-MAKONGENI BRANCH THIKA Total,,,,,,,,,,,,72.00,0.00,22.00,28.00,,,94.00,28.00
,QUICK MART LIMITED-MFANGANO,SOKO CHAPO CHAP CHAP BROWN LAYERED CHAPATI 10PCS,,,,,,,,,,,8.00,0.00,6.00,1.00,,,14.00,1.00
,,SOKO CHAPO CHAP CHAP BROWN LAYERED CHAPATI 6PCS,,,,,,,,,5.00,0.00,12.00,0.00,13.00,3.00,,,30.00,3.00
,,SOKO CHAPO CHAP CHAP WHITE LAYERED CHAPATI 10PCS,,,,,,,,,10.00,0.00,12.00,0.00,10.00,3.00,,,32.00,3.00
,,SOKO CHAPO CHAP CHAP WHITE LAYERED CHAPATI 6PCS,,,,,,,,,10.00,0.00,23.00,0.00,23.00,2.00,,,56.00,2.00
,QUICK MART LIMITED-MFANGANO Total,,,,,,,,,,25.00,0.00,55.00,0.00,52.00,9.00,,,132.00,9.00
,QUICK MART LIMITED-MILELE MALL,SOKO CHAPO CHAP CHAP BROWN LAYERED CHAPATI 6PCS,32.00,12.00,43.00,9.00,37.00,8.00,57.00,3.00,39.00,6.00,22.00,0.00,26.00,11.00,,,256.00,49.00
,,SOKO CHAPO CHAP CHAP WHITE LAYERED CHAPATI 6PCS,83.00,1.00,51.00,11.00,58.00,1.00,66.00,0.00,64.00,0.00,35.00,0.00,38.00,7.00,,,395.00,20.00
,QUICK MART LIMITED-MILELE MALL Total,,115.00,13.00,94.00,20.00,95.00,9.00,123.00,3.00,103.00,6.00,57.00,0.00,64.00,18.00,,,651.00,69.00
,QUICK MART LIMITED-OTC NAIROBI,SOKO CHAPO CHAP CHAP BROWN LAYERED CHAPATI 10PCS,,,,,,,,,5.00,0.00,8.00,4.00,-2.00,5.00,,,11.00,9.00
,,SOKO CHAPO CHAP CHAP BROWN LAYERED CHAPATI 6PCS,,,,,,,,,5.00,0.00,19.00,2.00,16.00,1.00,,,40.00,3.00
,,SOKO CHAPO CHAP CHAP WHITE LAYERED CHAPATI 10PCS,,,,,,,,,10.00,0.00,23.00,4.00,12.00,3.00,,,45.00,7.00
,,SOKO CHAPO CHAP CHAP WHITE LAYERED CHAPATI 6PCS,,,,,,,,,10.00,0.00,21.00,4.00,27.00,1.00,,,58.00,5.00
,QUICK MART LIMITED-OTC NAIROBI Total,,,,,,,,,,30.00,0.00,71.00,14.00,53.00,10.00,,,154.00,24.00
,QUICK MART LIMITED-OUTERING 2,SOKO CHAPO CHAP CHAP BROWN LAYERED CHAPATI 10PCS,14.00,0.00,-2.00,10.00,14.00,0.00,5.00,2.00,8.00,1.00,7.00,3.00,3.00,3.00,,,49.00,19.00
,,SOKO CHAPO CHAP CHAP BROWN LAYERED CHAPATI 6PCS,14.00,0.00,9.00,5.00,20.00,1.00,9.00,4.00,10.00,2.00,11.00,0.00,8.00,1.00,,,81.00,13.00
,,SOKO CHAPO CHAP CHAP WHITE LAYERED CHAPATI 10PCS,15.00,0.00,15.00,1.00,16.00,1.00,21.00,0.00,15.00,2.00,16.00,0.00,13.00,0.00,,,111.00,4.00
,,SOKO CHAPO CHAP CHAP WHITE LAYERED CHAPATI 6PCS,17.00,0.00,16.00,1.00,32.00,0.00,31.00,0.00,19.00,3.00,16.00,0.00,14.00,3.00,,,145.00,7.00
,QUICK MART LIMITED-OUTERING 2 Total,,60.00,0.00,38.00,17.00,82.00,2.00,66.00,6.00,52.00,8.00,50.00,3.00,38.00,7.00,,,386.00,43.00
,QUICK MART LIMITED-PIONEER BRANCH,SOKO CHAPO CHAP CHAP BROWN LAYERED CHAPATI 10PCS,,,,,,,,,3.00,0.00,3.00,0.00,-3.00,3.00,,,3.00,3.00
,,SOKO CHAPO CHAP CHAP BROWN LAYERED CHAPATI 6PCS,,,,,,,,,3.00,0.00,7.00,1.00,4.00,4.00,,,14.00,5.00
,,SOKO CHAPO CHAP CHAP WHITE LAYERED CHAPATI 10PCS,,,,,,,,,5.00,0.00,0.00,3.00,-2.00,2.00,,,3.00,5.00
,,SOKO CHAPO CHAP CHAP WHITE LAYERED CHAPATI 6PCS,,,,,,,,,5.00,0.00,7.00,2.00,7.00,5.00,,,19.00,7.00
,QUICK MART LIMITED-PIONEER BRANCH Total,,,,,,,,,,16.00,0.00,17.00,6.00,6.00,14.00,,,39.00,20.00
,QUICK MART LIMITED-RONGAI BRANCH,SOKO CHAPO CHAP CHAP BROWN LAYERED CHAPATI 10PCS,,,,,,,,,5.00,0.00,6.00,2.00,18.00,0.00,,,29.00,2.00
,,SOKO CHAPO CHAP CHAP BROWN LAYERED CHAPATI 6PCS,,,,,,,,,5.00,0.00,7.00,1.00,18.00,0.00,,,30.00,1.00
,,SOKO CHAPO CHAP CHAP WHITE LAYERED CHAPATI 10PCS,,,,,,,,,10.00,0.00,10.00,3.00,18.00,0.00,,,38.00,3.00
,,SOKO CHAPO CHAP CHAP WHITE LAYERED CHAPATI 6PCS,,,,,,,,,10.00,0.00,11.00,2.00,18.00,0.00,,,39.00,2.00
,QUICK MART LIMITED-RONGAI BRANCH Total,,,,,,,,,,30.00,0.00,34.00,8.00,72.00,0.00,,,136.00,8.00
,QUICK MART LIMITED-RUAKA BRANCH,SOKO CHAPO CHAP CHAP BROWN LAYERED CHAPATI 10PCS,14.00,6.00,5.00,9.00,-2.00,8.00,3.00,4.00,7.00,3.00,7.00,0.00,2.00,3.00,,,36.00,33.00
,,SOKO CHAPO CHAP CHAP BROWN LAYERED CHAPATI 6PCS,14.00,6.00,15.00,1.00,6.00,3.00,8.00,3.00,10.00,0.00,7.00,0.00,5.00,2.00,,,65.00,15.00
,,SOKO CHAPO CHAP CHAP WHITE LAYERED CHAPATI 10PCS,24.00,6.00,21.00,1.00,9.00,7.00,18.00,0.00,16.00,2.00,19.00,0.00,14.00,0.00,,,121.00,16.00
,,SOKO CHAPO CHAP CHAP WHITE LAYERED CHAPATI 6PCS,24.00,6.00,22.00,0.00,16.00,0.00,24.00,0.00,18.00,0.00,19.00,0.00,20.00,0.00,,,143.00,6.00
,QUICK MART LIMITED-RUAKA BRANCH Total,,76.00,24.00,63.00,11.00,29.00,18.00,53.00,7.00,51.00,5.00,52.00,0.00,41.00,5.00,,,365.00,70.00
,QUICK MART LIMITED-RUIRU BRANCH,SOKO CHAPO CHAP CHAP BROWN LAYERED CHAPATI 10PCS,,,,,,,,,-5.00,5.00,,,,,,,-5.00,5.00
,,SOKO CHAPO CHAP CHAP BROWN LAYERED CHAPATI 6PCS,,,12.00,0.00,22.00,3.00,31.00,4.00,36.00,4.00,34.00,1.00,14.00,9.00,,,149.00,21.00
,,SOKO CHAPO CHAP CHAP WHITE LAYERED CHAPATI 10PCS,,,12.00,0.00,29.00,1.00,25.00,5.00,11.00,9.00,19.00,2.00,26.00,0.00,,,122.00,17.00
,,SOKO CHAPO CHAP CHAP WHITE LAYERED CHAPATI 6PCS,,,12.00,0.00,32.00,3.00,38.00,2.00,36.00,4.00,32.00,3.00,27.00,5.00,,,177.00,17.00
,QUICK MART LIMITED-RUIRU BRANCH Total,,,,36.00,0.00,83.00,7.00,94.00,11.00,78.00,22.00,85.00,6.00,67.00,14.00,,,443.00,60.00
,QUICK MART LIMITED-SYOKIMAU DIAMOND BIZ,SOKO CHAPO CHAP CHAP BROWN LAYERED CHAPATI 10PCS,,,,,,,,,,,7.00,0.00,9.00,3.00,,,16.00,3.00
,,SOKO CHAPO CHAP CHAP BROWN LAYERED CHAPATI 6PCS,,,,,,,,,,,7.00,0.00,10.00,2.00,,,17.00,2.00
,,SOKO CHAPO CHAP CHAP WHITE LAYERED CHAPATI 10PCS,,,,,,,,,,,12.00,0.00,23.00,1.00,,,35.00,1.00
,,SOKO CHAPO CHAP CHAP WHITE LAYERED CHAPATI 6PCS,,,,,,,,,,,17.00,0.00,27.00,1.00,,,44.00,1.00
,QUICK MART LIMITED-SYOKIMAU DIAMOND BIZ Total,,,,,,,,,,,,43.00,0.00,69.00,7.00,,,112.00,7.00
,QUICK MART LIMITED-T MALL BRANCH,SOKO CHAPO CHAP CHAP BROWN LAYERED CHAPATI 10PCS,,,,,,,6.00,0.00,8.00,2.00,12.00,0.00,7.00,6.00,,,33.00,8.00
,,SOKO CHAPO CHAP CHAP BROWN LAYERED CHAPATI 6PCS,,,,,,,,,6.00,6.00,9.00,3.00,8.00,5.00,,,23.00,14.00
,,SOKO CHAPO CHAP CHAP WHITE LAYERED CHAPATI 10PCS,,,,,,,18.00,0.00,12.00,6.00,11.00,7.00,8.00,4.00,,,49.00,17.00
,,SOKO CHAPO CHAP CHAP WHITE LAYERED CHAPATI 6PCS,,,,,,,18.00,0.00,19.00,5.00,8.00,10.00,14.00,1.00,,,59.00,16.00
,QUICK MART LIMITED-T MALL BRANCH Total,,,,,,,,42.00,0.00,45.00,19.00,40.00,20.00,37.00,16.00,,,164.00,55.00
,QUICK MART LIMITED-THOME BRANCH,SOKO CHAPO CHAP CHAP BROWN LAYERED CHAPATI 10PCS,16.00,5.00,12.00,2.00,15.00,2.00,22.00,0.00,15.00,3.00,16.00,0.00,12.00,3.00,,,108.00,15.00
,,SOKO CHAPO CHAP CHAP BROWN LAYERED CHAPATI 6PCS,27.00,0.00,16.00,7.00,23.00,2.00,23.00,1.00,22.00,0.00,26.00,0.00,24.00,2.00,,,161.00,12.00
,,SOKO CHAPO CHAP CHAP WHITE LAYERED CHAPATI 10PCS,41.00,0.00,24.00,5.00,27.00,0.00,27.00,1.00,25.00,0.00,16.00,3.00,20.00,4.00,,,180.00,13.00
,,SOKO CHAPO CHAP CHAP WHITE LAYERED CHAPATI 6PCS,41.00,0.00,33.00,3.00,35.00,0.00,33.00,0.00,29.00,4.00,23.00,1.00,26.00,4.00,,,220.00,12.00
,QUICK MART LIMITED-THOME BRANCH Total,,125.00,5.00,85.00,17.00,100.00,4.00,105.00,2.00,91.00,7.00,81.00,4.00,82.00,13.00,,,669.00,52.00
,QUICK MART LIMITED-UTAWALA EXPRESS,SOKO CHAPO CHAP CHAP BROWN LAYERED CHAPATI 10PCS,,,,,,,,,5.00,0.00,3.00,2.00,4.00,2.00,,,12.00,4.00
,,SOKO CHAPO CHAP CHAP BROWN LAYERED CHAPATI 6PCS,,,,,,,,,5.00,0.00,11.00,0.00,8.00,3.00,,,24.00,3.00
,,SOKO CHAPO CHAP CHAP WHITE LAYERED CHAPATI 10PCS,,,,,,,,,10.00,0.00,-3.00,8.00,2.00,4.00,,,9.00,12.00
,,SOKO CHAPO CHAP CHAP WHITE LAYERED CHAPATI 6PCS,,,,,,,,,10.00,0.00,6.00,5.00,12.00,1.00,,,28.00,6.00
,QUICK MART LIMITED-UTAWALA EXPRESS Total,,,,,,,,,,30.00,0.00,17.00,15.00,26.00,10.00,,,73.00,25.00
,QUICK MART LIMITED-UTAWALA MAIN,SOKO CHAPO CHAP CHAP BROWN LAYERED CHAPATI 10PCS,,,,,,,,,5.00,0.00,6.00,1.00,-4.00,4.00,,,7.00,5.00
,,SOKO CHAPO CHAP CHAP BROWN LAYERED CHAPATI 6PCS,,,,,,,,,5.00,0.00,14.00,0.00,18.00,0.00,,,37.00,0.00
,,SOKO CHAPO CHAP CHAP WHITE LAYERED CHAPATI 10PCS,,,,,,,,,10.00,0.00,13.00,0.00,-2.00,2.00,,,21.00,2.00
,,SOKO CHAPO CHAP CHAP WHITE LAYERED CHAPATI 6PCS,,,,,,,,,10.00,0.00,12.00,2.00,17.00,0.00,,,39.00,2.00
,QUICK MART LIMITED-UTAWALA MAIN Total,,,,,,,,,,30.00,0.00,45.00,3.00,29.00,6.00,,,104.00,9.00
,QUICK MART LIMITED-WAIYAKI WAY,SOKO CHAPO CHAP CHAP BROWN LAYERED CHAPATI 10PCS,,,,,,,,,5.00,0.00,1.00,4.00,,,,,6.00,4.00
,,SOKO CHAPO CHAP CHAP BROWN LAYERED CHAPATI 6PCS,,,,,,,,,5.00,0.00,13.00,0.00,-3.00,6.00,,,15.00,6.00
,,SOKO CHAPO CHAP CHAP WHITE LAYERED CHAPATI 10PCS,,,,,,,,,10.00,0.00,-4.00,9.00,13.00,0.00,,,19.00,9.00
,,SOKO CHAPO CHAP CHAP WHITE LAYERED CHAPATI 6PCS,,,,,,,,,10.00,0.00,20.00,0.00,23.00,2.00,,,53.00,2.00
,QUICK MART LIMITED-WAIYAKI WAY Total,,,,,,,,,,30.00,0.00,30.00,13.00,33.00,8.00,,,93.00,21.00
,QUICK MART LIMITED-WESTLANDS BRANCH,SOKO CHAPO CHAP CHAP BROWN LAYERED CHAPATI 10PCS,,,,,,,,,5.00,0.00,6.00,0.00,5.00,1.00,,,16.00,1.00
,,SOKO CHAPO CHAP CHAP BROWN LAYERED CHAPATI 6PCS,,,,,,,,,,,15.00,0.00,9.00,0.00,,,24.00,0.00
,,SOKO CHAPO CHAP CHAP WHITE LAYERED CHAPATI 10PCS,,,,,,,,,10.00,0.00,6.00,0.00,11.00,1.00,,,27.00,1.00
,,SOKO CHAPO CHAP CHAP WHITE LAYERED CHAPATI 6PCS,,,,,,,,,5.00,0.00,18.00,0.00,9.00,0.00,,,32.00,0.00
,QUICK MART LIMITED-WESTLANDS BRANCH Total,,,,,,,,,,20.00,0.00,45.00,0.00,34.00,2.00,,,99.00,2.00
QUICK MART LIMITED Total,,,"1,542.00",192.00,"1,152.00",280.00,"1,498.00",129.00,"1,632.00",98.00,"1,942.00",125.00,"1,831.00",306.00,"2,040.00",331.00,,,"11,637.00","1,461.00"
SALES DONATION,SALES DONATION-THIKA BRANCH,SOKO CHAPO CHAP CHAP BROWN LAYERED CHAPATI 10PCS,,,2.00,0.00,,,,,1.00,0.00,,,,,,,3.00,0.00
,,SOKO CHAPO CHAP CHAP BROWN LAYERED CHAPATI 6PCS,,,36.00,0.00,,,,,,,,,3.00,0.00,,,39.00,0.00
,,SOKO CHAPO CHAP CHAP WHITE LAYERED CHAPATI 10PCS,,,2.00,0.00,20.00,0.00,,,1.00,0.00,,,,,,,23.00,0.00
,,SOKO CHAPO CHAP CHAP WHITE LAYERED CHAPATI 6PCS,,,,,,,,,,,,,3.00,0.00,,,3.00,0.00
,SALES DONATION-THIKA BRANCH Total,,,,40.00,0.00,20.00,0.00,,,2.00,0.00,,,6.00,0.00,,,68.00,0.00
SALES DONATION Total,,,,,40.00,0.00,20.00,0.00,,,2.00,0.00,,,6.00,0.00,,,68.00,0.00
SAMRAT SUPERMARKET LIMITED,SAMRAT SUPERMARKET LIMITED-NYERI BRANCH,SOKO CHAPO CHAP CHAP BROWN LAYERED CHAPATI 10PCS,,,,,3.00,0.00,,,,,,,,,,,3.00,0.00
,,SOKO CHAPO CHAP CHAP BROWN LAYERED CHAPATI 6PCS,,,,,,,3.00,0.00,,,,,,,,,3.00,0.00
,,SOKO CHAPO CHAP CHAP WHITE LAYERED CHAPATI 10PCS,,,,,,,3.00,0.00,,,,,,,,,3.00,0.00
,,SOKO CHAPO CHAP CHAP WHITE LAYERED CHAPATI 6PCS,,,,,3.00,0.00,6.00,0.00,0.00,3.00,,,,,,,9.00,3.00
,SAMRAT SUPERMARKET LIMITED-NYERI BRANCH Total,,,,,,6.00,0.00,12.00,0.00,0.00,3.00,,,,,,,18.00,3.00
SAMRAT SUPERMARKET LIMITED Total,,,,,,,6.00,0.00,12.00,0.00,0.00,3.00,,,,,,,18.00,3.00
SKY MART ENTERPRISES LTD,SKY MART ENTERPRISES LTD-KAYOLE KONA,SOKO CHAPO CHAP CHAP BROWN LAYERED CHAPATI 10PCS,,,,,,,,,,,2.00,0.00,-2.00,2.00,,,0.00,2.00
,,SOKO CHAPO CHAP CHAP BROWN LAYERED CHAPATI 6PCS,,,,,,,,,,,2.00,0.00,-1.00,1.00,,,1.00,1.00
,,SOKO CHAPO CHAP CHAP WHITE LAYERED CHAPATI 10PCS,,,,,,,,,,,2.00,0.00,-2.00,2.00,,,0.00,2.00
,,SOKO CHAPO CHAP CHAP WHITE LAYERED CHAPATI 6PCS,,,,,,,,,,,2.00,0.00,-2.00,2.00,,,0.00,2.00
,SKY MART ENTERPRISES LTD-KAYOLE KONA Total,,,,,,,,,,,,8.00,0.00,-7.00,7.00,,,1.00,7.00
,SKY MART ENTERPRISES LTD-MATASIA BRANCH,SOKO CHAPO CHAP CHAP BROWN LAYERED CHAPATI 10PCS,,,,,,,,,,,2.00,0.00,6.00,0.00,,,8.00,0.00
,,SOKO CHAPO CHAP CHAP BROWN LAYERED CHAPATI 6PCS,,,,,,,,,,,2.00,0.00,2.00,1.00,,,4.00,1.00
,,SOKO CHAPO CHAP CHAP WHITE LAYERED CHAPATI 10PCS,,,,,,,,,,,3.00,0.00,13.00,0.00,,,16.00,0.00
,,SOKO CHAPO CHAP CHAP WHITE LAYERED CHAPATI 6PCS,,,,,,,,,,,3.00,0.00,0.00,5.00,,,3.00,5.00
,SKY MART ENTERPRISES LTD-MATASIA BRANCH Total,,,,,,,,,,,,10.00,0.00,21.00,6.00,,,31.00,6.00
,SKY MART ENTERPRISES LTD-MOWLEM BRANCH,SOKO CHAPO CHAP CHAP BROWN LAYERED CHAPATI 10PCS,,,,,,,,,,,2.00,0.00,,,,,2.00,0.00
,,SOKO CHAPO CHAP CHAP BROWN LAYERED CHAPATI 6PCS,,,,,,,,,,,2.00,0.00,,,,,2.00,0.00
,,SOKO CHAPO CHAP CHAP WHITE LAYERED CHAPATI 10PCS,,,,,,,,,,,2.00,0.00,,,,,2.00,0.00
,,SOKO CHAPO CHAP CHAP WHITE LAYERED CHAPATI 6PCS,,,,,,,,,,,5.00,0.00,,,,,5.00,0.00
,SKY MART ENTERPRISES LTD-MOWLEM BRANCH Total,,,,,,,,,,,,11.00,0.00,,,,,11.00,0.00
,SKY MART ENTERPRISES LTD-TENA UMOJA ESTATE,SOKO CHAPO CHAP CHAP BROWN LAYERED CHAPATI 10PCS,,,,,,,,,,,2.00,0.00,,,,,2.00,0.00
,,SOKO CHAPO CHAP CHAP BROWN LAYERED CHAPATI 6PCS,,,,,,,,,,,3.00,0.00,2.00,0.00,,,5.00,0.00
,,SOKO CHAPO CHAP CHAP WHITE LAYERED CHAPATI 10PCS,,,,,,,,,,,2.00,0.00,,,,,2.00,0.00
,,SOKO CHAPO CHAP CHAP WHITE LAYERED CHAPATI 6PCS,,,,,,,,,,,3.00,0.00,2.00,0.00,,,5.00,0.00
,SKY MART ENTERPRISES LTD-TENA UMOJA ESTATE Total,,,,,,,,,,,,10.00,0.00,4.00,0.00,,,14.00,0.00
,SKY MART ENTERPRISES LTD-UMOJA MARKET,SOKO CHAPO CHAP CHAP BROWN LAYERED CHAPATI 10PCS,,,,,,,,,,,,,2.00,0.00,,,2.00,0.00
,,SOKO CHAPO CHAP CHAP BROWN LAYERED CHAPATI 6PCS,,,,,,,,,,,2.00,0.00,6.00,0.00,,,8.00,0.00
,,SOKO CHAPO CHAP CHAP WHITE LAYERED CHAPATI 10PCS,,,,,,,,,,,3.00,0.00,3.00,0.00,,,6.00,0.00
,,SOKO CHAPO CHAP CHAP WHITE LAYERED CHAPATI 6PCS,,,,,,,,,,,5.00,0.00,10.00,0.00,,,15.00,0.00
,SKY MART ENTERPRISES LTD-UMOJA MARKET Total,,,,,,,,,,,,10.00,0.00,21.00,0.00,,,31.00,0.00
SKY MART ENTERPRISES LTD Total,,,,,,,,,,,,,49.00,0.00,39.00,13.00,,,88.00,13.00
THREE SPEAR LTD,THREE SPEAR LTD-UNGA HOUSE,SOKO CHAPO CHAP CHAP BROWN LAYERED CHAPATI 10PCS,,,,,,,,,1.00,0.00,,,6.00,0.00,,,7.00,0.00
,,SOKO CHAPO CHAP CHAP BROWN LAYERED CHAPATI 6PCS,,,,,,,,,1.00,0.00,,,6.00,0.00,,,7.00,0.00
,,SOKO CHAPO CHAP CHAP WHITE LAYERED CHAPATI 10PCS,,,,,,,,,1.00,0.00,,,6.00,0.00,,,7.00,0.00
,,SOKO CHAPO CHAP CHAP WHITE LAYERED CHAPATI 6PCS,,,,,,,,,1.00,0.00,,,6.00,0.00,,,7.00,0.00
,THREE SPEAR LTD-UNGA HOUSE Total,,,,,,,,,,4.00,0.00,,,24.00,0.00,,,28.00,0.00
THREE SPEAR LTD Total,,,,,,,,,,,4.00,0.00,,,24.00,0.00,,,28.00,0.00
 Total,,,,,,,,,,,,,,,,,0,0,0,0
Grand Total,,,"9,088.00","1,171.00","8,258.00","2,474.00","10,073.00","1,281.00","11,993.00","1,421.00","12,009.00","1,686.00","11,460.00","1,139.00","13,093.00","1,781.00",0,0,"75,974.00","10,953.00"